problem_id,problem_type,candidate_id,candidate_rank,missing_critical_structures,critical_structure_count,critical_structure_penalty,structure_score,constraint_coverage,objective_term_coverage,selected_by_fullv2,selected_by_structure_only
single_period_newsvendor_0000,single_period_newsvendor,Qwen3-8B_k0,0,,0.0,0.0,0.8611111111111112,,0.6666666666666666,True,True
single_period_newsvendor_0000,single_period_newsvendor,Qwen3-8B_k1,1,,0.0,0.0,0.8611111111111112,,0.6666666666666666,False,False
single_period_newsvendor_0000,single_period_newsvendor,Qwen3-8B_k2,2,,0.0,0.0,0.8611111111111112,,0.6666666666666666,False,False
single_period_newsvendor_0000,single_period_newsvendor,Qwen3-8B_k3,3,,0.0,0.0,0.8611111111111112,,0.6666666666666666,False,False
single_period_newsvendor_0000,single_period_newsvendor,Qwen3-8B_k4,4,,0.0,0.0,0.8611111111111112,,0.3333333333333333,False,False
single_period_newsvendor_0000,single_period_newsvendor,Qwen3-8B_k5,5,,0.0,0.0,0.8611111111111112,,0.6666666666666666,False,False
single_period_newsvendor_0000,single_period_newsvendor,Qwen3-8B_k6,6,,0.0,0.0,0.8611111111111112,,0.6666666666666666,False,False
single_period_newsvendor_0000,single_period_newsvendor,Qwen3-8B_k7,7,,0.0,0.0,0.8611111111111112,,0.6666666666666666,False,False
single_period_newsvendor_0001,single_period_newsvendor,Qwen3-8B_k0,0,,0.0,0.0,0.8611111111111112,,0.6666666666666666,True,True
single_period_newsvendor_0001,single_period_newsvendor,Qwen3-8B_k1,1,,0.0,0.0,0.8611111111111112,,0.6666666666666666,False,False
single_period_newsvendor_0001,single_period_newsvendor,Qwen3-8B_k2,2,,0.0,0.0,0.8611111111111112,,0.6666666666666666,False,False
single_period_newsvendor_0001,single_period_newsvendor,Qwen3-8B_k3,3,,0.0,0.0,0.8611111111111112,,0.6666666666666666,False,False
single_period_newsvendor_0001,single_period_newsvendor,Qwen3-8B_k4,4,,0.0,0.0,0.8611111111111112,,0.6666666666666666,False,False
single_period_newsvendor_0001,single_period_newsvendor,Qwen3-8B_k5,5,,0.0,0.0,0.8611111111111112,,0.6666666666666666,False,False
single_period_newsvendor_0001,single_period_newsvendor,Qwen3-8B_k6,6,,0.0,0.0,0.8611111111111112,,0.6666666666666666,False,False
single_period_newsvendor_0001,single_period_newsvendor,Qwen3-8B_k7,7,,0.0,0.0,0.8611111111111112,,0.6666666666666666,False,False
single_period_newsvendor_0002,single_period_newsvendor,Qwen3-8B_k0,0,,0.0,0.0,0.0,,1.0,False,False
single_period_newsvendor_0002,single_period_newsvendor,Qwen3-8B_k1,1,,0.0,0.0,0.8333333333333334,,0.6666666666666666,False,False
single_period_newsvendor_0002,single_period_newsvendor,Qwen3-8B_k2,2,,0.0,0.0,0.8611111111111112,,0.6666666666666666,False,False
single_period_newsvendor_0002,single_period_newsvendor,Qwen3-8B_k3,3,,0.0,0.0,0.8611111111111112,,0.6666666666666666,False,False
single_period_newsvendor_0002,single_period_newsvendor,Qwen3-8B_k4,4,,0.0,0.0,0.0,,1.0,False,False
single_period_newsvendor_0002,single_period_newsvendor,Qwen3-8B_k5,5,,0.0,0.0,0.8333333333333334,,0.6666666666666666,False,False
single_period_newsvendor_0002,single_period_newsvendor,Qwen3-8B_k6,6,,0.0,0.0,0.8611111111111112,,0.6666666666666666,True,True
single_period_newsvendor_0002,single_period_newsvendor,Qwen3-8B_k7,7,,0.0,0.0,0.5555555555555556,,0.3333333333333333,False,False
single_period_newsvendor_0003,single_period_newsvendor,Qwen3-8B_k0,0,,0.0,0.0,0.5555555555555556,,0.3333333333333333,True,True
single_period_newsvendor_0003,single_period_newsvendor,Qwen3-8B_k1,1,,0.0,0.0,0.0,,1.0,False,False
single_period_newsvendor_0003,single_period_newsvendor,Qwen3-8B_k2,2,,0.0,0.0,0.0,,1.0,False,False
single_period_newsvendor_0003,single_period_newsvendor,Qwen3-8B_k3,3,,0.0,0.0,0.5555555555555556,,0.3333333333333333,False,False
single_period_newsvendor_0003,single_period_newsvendor,Qwen3-8B_k4,4,,0.0,0.0,0.0,,1.0,False,False
single_period_newsvendor_0003,single_period_newsvendor,Qwen3-8B_k5,5,,0.0,0.0,0.0,,1.0,False,False
single_period_newsvendor_0003,single_period_newsvendor,Qwen3-8B_k6,6,,0.0,0.0,0.5555555555555556,,0.3333333333333333,False,False
single_period_newsvendor_0003,single_period_newsvendor,Qwen3-8B_k7,7,,0.0,0.0,0.5555555555555556,,0.3333333333333333,False,False
single_period_newsvendor_0004,single_period_newsvendor,Qwen3-8B_k0,0,,0.0,0.0,0.0,,1.0,False,False
single_period_newsvendor_0004,single_period_newsvendor,Qwen3-8B_k1,1,,0.0,0.0,0.0,,1.0,False,False
single_period_newsvendor_0004,single_period_newsvendor,Qwen3-8B_k2,2,,0.0,0.0,0.0,,1.0,False,False
single_period_newsvendor_0004,single_period_newsvendor,Qwen3-8B_k3,3,,0.0,0.0,0.5555555555555556,,0.3333333333333333,True,True
single_period_newsvendor_0004,single_period_newsvendor,Qwen3-8B_k4,4,,0.0,0.0,0.0,,1.0,False,False
single_period_newsvendor_0004,single_period_newsvendor,Qwen3-8B_k5,5,,0.0,0.0,0.0,,1.0,False,False
single_period_newsvendor_0004,single_period_newsvendor,Qwen3-8B_k6,6,,0.0,0.0,0.0,,1.0,False,False
single_period_newsvendor_0004,single_period_newsvendor,Qwen3-8B_k7,7,,0.0,0.0,0.0,,1.0,False,False
single_period_newsvendor_0005,single_period_newsvendor,Qwen3-8B_k0,0,,0.0,0.0,0.0,,1.0,False,False
single_period_newsvendor_0005,single_period_newsvendor,Qwen3-8B_k1,1,,0.0,0.0,0.0,,1.0,False,False
single_period_newsvendor_0005,single_period_newsvendor,Qwen3-8B_k2,2,,0.0,0.0,0.0,,1.0,False,False
single_period_newsvendor_0005,single_period_newsvendor,Qwen3-8B_k3,3,,0.0,0.0,0.5555555555555556,,0.0,True,True
single_period_newsvendor_0005,single_period_newsvendor,Qwen3-8B_k4,4,,0.0,0.0,0.0,,1.0,False,False
single_period_newsvendor_0005,single_period_newsvendor,Qwen3-8B_k5,5,,0.0,0.0,0.0,,1.0,False,False
single_period_newsvendor_0005,single_period_newsvendor,Qwen3-8B_k6,6,,0.0,0.0,0.0,,1.0,False,False
single_period_newsvendor_0005,single_period_newsvendor,Qwen3-8B_k7,7,,0.0,0.0,0.0,,1.0,False,False
single_period_newsvendor_0006,single_period_newsvendor,Qwen3-8B_k0,0,,0.0,0.0,0.8611111111111112,,0.6666666666666666,True,True
single_period_newsvendor_0006,single_period_newsvendor,Qwen3-8B_k1,1,,0.0,0.0,0.8611111111111112,,0.6666666666666666,False,False
single_period_newsvendor_0006,single_period_newsvendor,Qwen3-8B_k2,2,,0.0,0.0,0.8611111111111112,,0.6666666666666666,False,False
single_period_newsvendor_0006,single_period_newsvendor,Qwen3-8B_k3,3,,0.0,0.0,0.0,,1.0,False,False
single_period_newsvendor_0006,single_period_newsvendor,Qwen3-8B_k4,4,,0.0,0.0,0.8611111111111112,,0.6666666666666666,False,False
single_period_newsvendor_0006,single_period_newsvendor,Qwen3-8B_k5,5,,0.0,0.0,0.8611111111111112,,0.6666666666666666,False,False
single_period_newsvendor_0006,single_period_newsvendor,Qwen3-8B_k6,6,,0.0,0.0,0.8611111111111112,,0.6666666666666666,False,False
single_period_newsvendor_0006,single_period_newsvendor,Qwen3-8B_k7,7,,0.0,0.0,0.8611111111111112,,0.6666666666666666,False,False
single_period_newsvendor_0007,single_period_newsvendor,Qwen3-8B_k0,0,,0.0,0.0,0.8611111111111112,,0.6666666666666666,True,True
single_period_newsvendor_0007,single_period_newsvendor,Qwen3-8B_k1,1,,0.0,0.0,0.8611111111111112,,0.6666666666666666,False,False
single_period_newsvendor_0007,single_period_newsvendor,Qwen3-8B_k2,2,,0.0,0.0,0.8611111111111112,,0.6666666666666666,False,False
single_period_newsvendor_0007,single_period_newsvendor,Qwen3-8B_k3,3,,0.0,0.0,0.8611111111111112,,0.6666666666666666,False,False
single_period_newsvendor_0007,single_period_newsvendor,Qwen3-8B_k4,4,,0.0,0.0,0.8611111111111112,,0.3333333333333333,False,False
single_period_newsvendor_0007,single_period_newsvendor,Qwen3-8B_k5,5,,0.0,0.0,0.8611111111111112,,0.6666666666666666,False,False
single_period_newsvendor_0007,single_period_newsvendor,Qwen3-8B_k6,6,,0.0,0.0,0.8611111111111112,,0.6666666666666666,False,False
single_period_newsvendor_0007,single_period_newsvendor,Qwen3-8B_k7,7,,0.0,0.0,0.8611111111111112,,0.6666666666666666,False,False
single_period_newsvendor_0008,single_period_newsvendor,Qwen3-8B_k0,0,,0.0,0.0,0.8333333333333334,,0.6666666666666666,False,False
single_period_newsvendor_0008,single_period_newsvendor,Qwen3-8B_k1,1,,0.0,0.0,0.8333333333333334,,0.6666666666666666,False,False
single_period_newsvendor_0008,single_period_newsvendor,Qwen3-8B_k2,2,,0.0,0.0,0.8611111111111112,,0.6666666666666666,True,True
single_period_newsvendor_0008,single_period_newsvendor,Qwen3-8B_k3,3,,0.0,0.0,0.8333333333333334,,0.6666666666666666,False,False
single_period_newsvendor_0008,single_period_newsvendor,Qwen3-8B_k4,4,,0.0,0.0,0.8611111111111112,,0.3333333333333333,False,False
single_period_newsvendor_0008,single_period_newsvendor,Qwen3-8B_k5,5,,0.0,0.0,0.8333333333333334,,0.6666666666666666,False,False
single_period_newsvendor_0008,single_period_newsvendor,Qwen3-8B_k6,6,,0.0,0.0,0.8333333333333334,,0.6666666666666666,False,False
single_period_newsvendor_0008,single_period_newsvendor,Qwen3-8B_k7,7,,0.0,0.0,0.8611111111111112,,0.3333333333333333,False,False
single_period_newsvendor_0009,single_period_newsvendor,Qwen3-8B_k0,0,,0.0,0.0,0.8611111111111112,,0.6666666666666666,True,True
single_period_newsvendor_0009,single_period_newsvendor,Qwen3-8B_k1,1,,0.0,0.0,0.8611111111111112,,0.6666666666666666,False,False
single_period_newsvendor_0009,single_period_newsvendor,Qwen3-8B_k2,2,,0.0,0.0,0.8611111111111112,,0.6666666666666666,False,False
single_period_newsvendor_0009,single_period_newsvendor,Qwen3-8B_k3,3,,0.0,0.0,0.8611111111111112,,0.6666666666666666,False,False
single_period_newsvendor_0009,single_period_newsvendor,Qwen3-8B_k4,4,,0.0,0.0,0.8611111111111112,,0.6666666666666666,False,False
single_period_newsvendor_0009,single_period_newsvendor,Qwen3-8B_k5,5,,0.0,0.0,0.8611111111111112,,0.6666666666666666,False,False
single_period_newsvendor_0009,single_period_newsvendor,Qwen3-8B_k6,6,,0.0,0.0,0.8611111111111112,,0.6666666666666666,False,False
single_period_newsvendor_0009,single_period_newsvendor,Qwen3-8B_k7,7,,0.0,0.0,0.8611111111111112,,0.6666666666666666,False,False
single_period_newsvendor_0010,single_period_newsvendor,Qwen3-8B_k0,0,,0.0,0.0,0.8611111111111112,,0.6666666666666666,True,True
single_period_newsvendor_0010,single_period_newsvendor,Qwen3-8B_k1,1,,0.0,0.0,0.8611111111111112,,0.6666666666666666,False,False
single_period_newsvendor_0010,single_period_newsvendor,Qwen3-8B_k2,2,,0.0,0.0,0.8611111111111112,,0.6666666666666666,False,False
single_period_newsvendor_0010,single_period_newsvendor,Qwen3-8B_k3,3,,0.0,0.0,0.0,,1.0,False,False
single_period_newsvendor_0010,single_period_newsvendor,Qwen3-8B_k4,4,,0.0,0.0,0.8611111111111112,,0.6666666666666666,False,False
single_period_newsvendor_0010,single_period_newsvendor,Qwen3-8B_k5,5,,0.0,0.0,0.8611111111111112,,0.6666666666666666,False,False
single_period_newsvendor_0010,single_period_newsvendor,Qwen3-8B_k6,6,,0.0,0.0,0.8611111111111112,,0.6666666666666666,False,False
single_period_newsvendor_0010,single_period_newsvendor,Qwen3-8B_k7,7,,0.0,0.0,0.8611111111111112,,0.6666666666666666,False,False
single_period_newsvendor_0011,single_period_newsvendor,Qwen3-8B_k0,0,,0.0,0.0,0.8611111111111112,,0.6666666666666666,True,True
single_period_newsvendor_0011,single_period_newsvendor,Qwen3-8B_k1,1,,0.0,0.0,0.8611111111111112,,0.6666666666666666,False,False
single_period_newsvendor_0011,single_period_newsvendor,Qwen3-8B_k2,2,,0.0,0.0,0.8611111111111112,,0.6666666666666666,False,False
single_period_newsvendor_0011,single_period_newsvendor,Qwen3-8B_k3,3,,0.0,0.0,0.8611111111111112,,0.6666666666666666,False,False
single_period_newsvendor_0011,single_period_newsvendor,Qwen3-8B_k4,4,,0.0,0.0,0.8611111111111112,,0.6666666666666666,False,False
single_period_newsvendor_0011,single_period_newsvendor,Qwen3-8B_k5,5,,0.0,0.0,0.8611111111111112,,0.6666666666666666,False,False
single_period_newsvendor_0011,single_period_newsvendor,Qwen3-8B_k6,6,,0.0,0.0,0.8611111111111112,,0.6666666666666666,False,False
single_period_newsvendor_0011,single_period_newsvendor,Qwen3-8B_k7,7,,0.0,0.0,0.8611111111111112,,0.6666666666666666,False,False
single_period_newsvendor_0012,single_period_newsvendor,Qwen3-8B_k0,0,,0.0,0.0,0.0,,1.0,True,True
single_period_newsvendor_0012,single_period_newsvendor,Qwen3-8B_k1,1,,0.0,0.0,0.0,,1.0,False,False
single_period_newsvendor_0012,single_period_newsvendor,Qwen3-8B_k2,2,,0.0,0.0,0.0,,1.0,False,False
single_period_newsvendor_0012,single_period_newsvendor,Qwen3-8B_k3,3,,0.0,0.0,0.0,,1.0,False,False
single_period_newsvendor_0012,single_period_newsvendor,Qwen3-8B_k4,4,,0.0,0.0,0.0,,1.0,False,False
single_period_newsvendor_0012,single_period_newsvendor,Qwen3-8B_k5,5,,0.0,0.0,0.0,,1.0,False,False
single_period_newsvendor_0012,single_period_newsvendor,Qwen3-8B_k6,6,,0.0,0.0,0.0,,1.0,False,False
single_period_newsvendor_0012,single_period_newsvendor,Qwen3-8B_k7,7,,0.0,0.0,0.0,,1.0,False,False
single_period_newsvendor_0013,single_period_newsvendor,Qwen3-8B_k0,0,,0.0,0.0,0.0,,1.0,True,True
single_period_newsvendor_0013,single_period_newsvendor,Qwen3-8B_k1,1,,0.0,0.0,0.0,,1.0,False,False
single_period_newsvendor_0013,single_period_newsvendor,Qwen3-8B_k2,2,,0.0,0.0,0.0,,1.0,False,False
single_period_newsvendor_0013,single_period_newsvendor,Qwen3-8B_k3,3,,0.0,0.0,0.0,,1.0,False,False
single_period_newsvendor_0013,single_period_newsvendor,Qwen3-8B_k4,4,,0.0,0.0,0.0,,1.0,False,False
single_period_newsvendor_0013,single_period_newsvendor,Qwen3-8B_k5,5,,0.0,0.0,0.0,,1.0,False,False
single_period_newsvendor_0013,single_period_newsvendor,Qwen3-8B_k6,6,,0.0,0.0,0.0,,1.0,False,False
single_period_newsvendor_0013,single_period_newsvendor,Qwen3-8B_k7,7,,0.0,0.0,0.0,,1.0,False,False
single_period_newsvendor_0014,single_period_newsvendor,Qwen3-8B_k0,0,,0.0,0.0,0.8611111111111112,,0.6666666666666666,True,True
single_period_newsvendor_0014,single_period_newsvendor,Qwen3-8B_k1,1,,0.0,0.0,0.8611111111111112,,0.6666666666666666,False,False
single_period_newsvendor_0014,single_period_newsvendor,Qwen3-8B_k2,2,,0.0,0.0,0.8611111111111112,,0.6666666666666666,False,False
single_period_newsvendor_0014,single_period_newsvendor,Qwen3-8B_k3,3,,0.0,0.0,0.8611111111111112,,0.6666666666666666,False,False
single_period_newsvendor_0014,single_period_newsvendor,Qwen3-8B_k4,4,,0.0,0.0,0.8611111111111112,,0.6666666666666666,False,False
single_period_newsvendor_0014,single_period_newsvendor,Qwen3-8B_k5,5,,0.0,0.0,0.8611111111111112,,0.6666666666666666,False,False
single_period_newsvendor_0014,single_period_newsvendor,Qwen3-8B_k6,6,,0.0,0.0,0.8611111111111112,,0.6666666666666666,False,False
single_period_newsvendor_0014,single_period_newsvendor,Qwen3-8B_k7,7,,0.0,0.0,0.8611111111111112,,0.6666666666666666,False,False
single_period_newsvendor_0015,single_period_newsvendor,Qwen3-8B_k0,0,,0.0,0.0,0.0,,1.0,True,True
single_period_newsvendor_0015,single_period_newsvendor,Qwen3-8B_k1,1,,0.0,0.0,0.0,,1.0,False,False
single_period_newsvendor_0015,single_period_newsvendor,Qwen3-8B_k2,2,,0.0,0.0,0.0,,1.0,False,False
single_period_newsvendor_0015,single_period_newsvendor,Qwen3-8B_k3,3,,0.0,0.0,0.0,,1.0,False,False
single_period_newsvendor_0015,single_period_newsvendor,Qwen3-8B_k4,4,,0.0,0.0,0.0,,1.0,False,False
single_period_newsvendor_0015,single_period_newsvendor,Qwen3-8B_k5,5,,0.0,0.0,0.0,,1.0,False,False
single_period_newsvendor_0015,single_period_newsvendor,Qwen3-8B_k6,6,,0.0,0.0,0.0,,1.0,False,False
single_period_newsvendor_0015,single_period_newsvendor,Qwen3-8B_k7,7,,0.0,0.0,0.0,,1.0,False,False
single_period_newsvendor_0016,single_period_newsvendor,Qwen3-8B_k0,0,,0.0,0.0,0.8333333333333334,,0.6666666666666666,False,False
single_period_newsvendor_0016,single_period_newsvendor,Qwen3-8B_k1,1,,0.0,0.0,0.8333333333333334,,0.6666666666666666,False,False
single_period_newsvendor_0016,single_period_newsvendor,Qwen3-8B_k2,2,,0.0,0.0,0.8333333333333334,,0.6666666666666666,False,False
single_period_newsvendor_0016,single_period_newsvendor,Qwen3-8B_k3,3,,0.0,0.0,0.8333333333333334,,0.6666666666666666,False,False
single_period_newsvendor_0016,single_period_newsvendor,Qwen3-8B_k4,4,,0.0,0.0,0.75,,0.6666666666666666,False,False
single_period_newsvendor_0016,single_period_newsvendor,Qwen3-8B_k5,5,,0.0,0.0,0.75,,0.6666666666666666,False,False
single_period_newsvendor_0016,single_period_newsvendor,Qwen3-8B_k6,6,,0.0,0.0,0.8333333333333334,,0.6666666666666666,False,False
single_period_newsvendor_0016,single_period_newsvendor,Qwen3-8B_k7,7,,0.0,0.0,0.8611111111111112,,0.3333333333333333,True,True
single_period_newsvendor_0017,single_period_newsvendor,Qwen3-8B_k0,0,,0.0,0.0,0.0,,1.0,False,False
single_period_newsvendor_0017,single_period_newsvendor,Qwen3-8B_k1,1,,0.0,0.0,0.0,,1.0,False,False
single_period_newsvendor_0017,single_period_newsvendor,Qwen3-8B_k2,2,,0.0,0.0,0.0,,1.0,False,False
single_period_newsvendor_0017,single_period_newsvendor,Qwen3-8B_k3,3,,0.0,0.0,0.5555555555555556,,0.3333333333333333,False,False
single_period_newsvendor_0017,single_period_newsvendor,Qwen3-8B_k4,4,,0.0,0.0,0.0,,1.0,False,False
single_period_newsvendor_0017,single_period_newsvendor,Qwen3-8B_k5,5,,0.0,0.0,0.0,,1.0,False,False
single_period_newsvendor_0017,single_period_newsvendor,Qwen3-8B_k6,6,,0.0,0.0,0.43333333333333335,,0.0,True,True
single_period_newsvendor_0017,single_period_newsvendor,Qwen3-8B_k7,7,,0.0,0.0,0.0,,1.0,False,False
single_period_newsvendor_0018,single_period_newsvendor,Qwen3-8B_k0,0,,0.0,0.0,0.8333333333333334,,0.6666666666666666,False,False
single_period_newsvendor_0018,single_period_newsvendor,Qwen3-8B_k1,1,,0.0,0.0,0.8333333333333334,,0.6666666666666666,False,False
single_period_newsvendor_0018,single_period_newsvendor,Qwen3-8B_k2,2,,0.0,0.0,0.8333333333333334,,0.6666666666666666,False,False
single_period_newsvendor_0018,single_period_newsvendor,Qwen3-8B_k3,3,,0.0,0.0,0.8611111111111112,,0.3333333333333333,True,True
single_period_newsvendor_0018,single_period_newsvendor,Qwen3-8B_k4,4,,0.0,0.0,0.8333333333333334,,0.3333333333333333,False,False
single_period_newsvendor_0018,single_period_newsvendor,Qwen3-8B_k5,5,,0.0,0.0,0.8611111111111112,,0.3333333333333333,False,False
single_period_newsvendor_0018,single_period_newsvendor,Qwen3-8B_k6,6,,0.0,0.0,0.8333333333333334,,0.6666666666666666,False,False
single_period_newsvendor_0018,single_period_newsvendor,Qwen3-8B_k7,7,,0.0,0.0,0.8611111111111112,,0.3333333333333333,False,False
single_period_newsvendor_0019,single_period_newsvendor,Qwen3-8B_k0,0,,0.0,0.0,0.8611111111111112,,0.6666666666666666,True,True
single_period_newsvendor_0019,single_period_newsvendor,Qwen3-8B_k1,1,,0.0,0.0,0.8611111111111112,,0.6666666666666666,False,False
single_period_newsvendor_0019,single_period_newsvendor,Qwen3-8B_k2,2,,0.0,0.0,0.8611111111111112,,0.6666666666666666,False,False
single_period_newsvendor_0019,single_period_newsvendor,Qwen3-8B_k3,3,,0.0,0.0,0.8611111111111112,,0.6666666666666666,False,False
single_period_newsvendor_0019,single_period_newsvendor,Qwen3-8B_k4,4,,0.0,0.0,0.0,,1.0,False,False
single_period_newsvendor_0019,single_period_newsvendor,Qwen3-8B_k5,5,,0.0,0.0,0.8611111111111112,,0.6666666666666666,False,False
single_period_newsvendor_0019,single_period_newsvendor,Qwen3-8B_k6,6,,0.0,0.0,0.8611111111111112,,0.6666666666666666,False,False
single_period_newsvendor_0019,single_period_newsvendor,Qwen3-8B_k7,7,,0.0,0.0,0.8611111111111112,,0.6666666666666666,False,False
single_item_multi_period_0000,single_item_multi_period,Qwen3-8B_k0,0,,0.0,0.0,0.8571428571428571,,1.0,True,True
single_item_multi_period_0000,single_item_multi_period,Qwen3-8B_k1,1,,0.0,0.0,0.8571428571428571,,1.0,False,False
single_item_multi_period_0000,single_item_multi_period,Qwen3-8B_k2,2,,0.0,0.0,0.8571428571428571,,1.0,False,False
single_item_multi_period_0000,single_item_multi_period,Qwen3-8B_k3,3,,0.0,0.0,0.8571428571428571,,1.0,False,False
single_item_multi_period_0000,single_item_multi_period,Qwen3-8B_k4,4,,0.0,0.0,0.8571428571428571,,1.0,False,False
single_item_multi_period_0000,single_item_multi_period,Qwen3-8B_k5,5,,0.0,0.0,0.8571428571428571,,1.0,False,False
single_item_multi_period_0000,single_item_multi_period,Qwen3-8B_k6,6,,0.0,0.0,0.8571428571428571,,1.0,False,False
single_item_multi_period_0000,single_item_multi_period,Qwen3-8B_k7,7,,0.0,0.0,0.8571428571428571,,1.0,False,False
single_item_multi_period_0001,single_item_multi_period,Qwen3-8B_k0,0,,0.0,0.0,0.8571428571428571,,1.0,True,True
single_item_multi_period_0001,single_item_multi_period,Qwen3-8B_k1,1,,0.0,0.0,0.8571428571428571,,1.0,False,False
single_item_multi_period_0001,single_item_multi_period,Qwen3-8B_k2,2,,0.0,0.0,0.8571428571428571,,1.0,False,False
single_item_multi_period_0001,single_item_multi_period,Qwen3-8B_k3,3,,0.0,0.0,0.8571428571428571,,1.0,False,False
single_item_multi_period_0001,single_item_multi_period,Qwen3-8B_k4,4,,0.0,0.0,0.8357142857142856,,1.0,False,False
single_item_multi_period_0001,single_item_multi_period,Qwen3-8B_k5,5,,0.0,0.0,0.8571428571428571,,1.0,False,False
single_item_multi_period_0001,single_item_multi_period,Qwen3-8B_k6,6,,0.0,0.0,0.8571428571428571,,1.0,False,False
single_item_multi_period_0001,single_item_multi_period,Qwen3-8B_k7,7,,0.0,0.0,0.8571428571428571,,1.0,False,False
single_item_multi_period_0002,single_item_multi_period,Qwen3-8B_k0,0,,0.0,0.0,0.8571428571428571,,1.0,True,True
single_item_multi_period_0002,single_item_multi_period,Qwen3-8B_k1,1,,0.0,0.0,0.8571428571428571,,1.0,False,False
single_item_multi_period_0002,single_item_multi_period,Qwen3-8B_k2,2,,0.0,0.0,0.8571428571428571,,1.0,False,False
single_item_multi_period_0002,single_item_multi_period,Qwen3-8B_k3,3,,0.0,0.0,0.8571428571428571,,1.0,False,False
single_item_multi_period_0002,single_item_multi_period,Qwen3-8B_k4,4,,0.0,0.0,0.8571428571428571,,1.0,False,False
single_item_multi_period_0002,single_item_multi_period,Qwen3-8B_k5,5,,0.0,0.0,0.8571428571428571,,1.0,False,False
single_item_multi_period_0002,single_item_multi_period,Qwen3-8B_k6,6,,0.0,0.0,0.8571428571428571,,1.0,False,False
single_item_multi_period_0002,single_item_multi_period,Qwen3-8B_k7,7,,0.0,0.0,0.8571428571428571,,1.0,False,False
single_item_multi_period_0003,single_item_multi_period,Qwen3-8B_k0,0,,0.0,0.0,0.8571428571428571,,1.0,True,True
single_item_multi_period_0003,single_item_multi_period,Qwen3-8B_k1,1,,0.0,0.0,0.8571428571428571,,1.0,False,False
single_item_multi_period_0003,single_item_multi_period,Qwen3-8B_k2,2,,0.0,0.0,0.8571428571428571,,1.0,False,False
single_item_multi_period_0003,single_item_multi_period,Qwen3-8B_k3,3,,0.0,0.0,0.8571428571428571,,1.0,False,False
single_item_multi_period_0003,single_item_multi_period,Qwen3-8B_k4,4,,0.0,0.0,0.8571428571428571,,1.0,False,False
single_item_multi_period_0003,single_item_multi_period,Qwen3-8B_k5,5,,0.0,0.0,0.8571428571428571,,1.0,False,False
single_item_multi_period_0003,single_item_multi_period,Qwen3-8B_k6,6,,0.0,0.0,0.0,,0.5,False,False
single_item_multi_period_0003,single_item_multi_period,Qwen3-8B_k7,7,,0.0,0.0,0.8571428571428571,,1.0,False,False
single_item_multi_period_0004,single_item_multi_period,Qwen3-8B_k0,0,,0.0,0.0,0.8571428571428571,,1.0,True,True
single_item_multi_period_0004,single_item_multi_period,Qwen3-8B_k1,1,,0.0,0.0,0.8571428571428571,,1.0,False,False
single_item_multi_period_0004,single_item_multi_period,Qwen3-8B_k2,2,,0.0,0.0,0.8571428571428571,,1.0,False,False
single_item_multi_period_0004,single_item_multi_period,Qwen3-8B_k3,3,,0.0,0.0,0.8571428571428571,,1.0,False,False
single_item_multi_period_0004,single_item_multi_period,Qwen3-8B_k4,4,,0.0,0.0,0.8571428571428571,,1.0,False,False
single_item_multi_period_0004,single_item_multi_period,Qwen3-8B_k5,5,,0.0,0.0,0.8571428571428571,,1.0,False,False
single_item_multi_period_0004,single_item_multi_period,Qwen3-8B_k6,6,,0.0,0.0,0.8571428571428571,,0.5,False,False
single_item_multi_period_0004,single_item_multi_period,Qwen3-8B_k7,7,,0.0,0.0,0.8571428571428571,,1.0,False,False
single_item_multi_period_0005,single_item_multi_period,Qwen3-8B_k0,0,,0.0,0.0,0.8571428571428571,,1.0,True,True
single_item_multi_period_0005,single_item_multi_period,Qwen3-8B_k1,1,,0.0,0.0,0.8571428571428571,,1.0,False,False
single_item_multi_period_0005,single_item_multi_period,Qwen3-8B_k2,2,,0.0,0.0,0.8571428571428571,,1.0,False,False
single_item_multi_period_0005,single_item_multi_period,Qwen3-8B_k3,3,,0.0,0.0,0.8571428571428571,,1.0,False,False
single_item_multi_period_0005,single_item_multi_period,Qwen3-8B_k4,4,,0.0,0.0,0.8571428571428571,,1.0,False,False
single_item_multi_period_0005,single_item_multi_period,Qwen3-8B_k5,5,,0.0,0.0,0.8571428571428571,,1.0,False,False
single_item_multi_period_0005,single_item_multi_period,Qwen3-8B_k6,6,,0.0,0.0,0.8571428571428571,,1.0,False,False
single_item_multi_period_0005,single_item_multi_period,Qwen3-8B_k7,7,,0.0,0.0,0.8571428571428571,,1.0,False,False
single_item_multi_period_0006,single_item_multi_period,Qwen3-8B_k0,0,,0.0,0.0,0.8571428571428571,,1.0,True,True
single_item_multi_period_0006,single_item_multi_period,Qwen3-8B_k1,1,,0.0,0.0,0.8571428571428571,,1.0,False,False
single_item_multi_period_0006,single_item_multi_period,Qwen3-8B_k2,2,,0.0,0.0,0.8571428571428571,,1.0,False,False
single_item_multi_period_0006,single_item_multi_period,Qwen3-8B_k3,3,,0.0,0.0,0.8571428571428571,,1.0,False,False
single_item_multi_period_0006,single_item_multi_period,Qwen3-8B_k4,4,,0.0,0.0,0.8571428571428571,,1.0,False,False
single_item_multi_period_0006,single_item_multi_period,Qwen3-8B_k5,5,,0.0,0.0,0.8571428571428571,,1.0,False,False
single_item_multi_period_0006,single_item_multi_period,Qwen3-8B_k6,6,,0.0,0.0,0.8571428571428571,,1.0,False,False
single_item_multi_period_0006,single_item_multi_period,Qwen3-8B_k7,7,,0.0,0.0,0.8571428571428571,,1.0,False,False
single_item_multi_period_0007,single_item_multi_period,Qwen3-8B_k0,0,,0.0,0.0,0.8571428571428571,,1.0,True,True
single_item_multi_period_0007,single_item_multi_period,Qwen3-8B_k1,1,,0.0,0.0,0.8571428571428571,,1.0,False,False
single_item_multi_period_0007,single_item_multi_period,Qwen3-8B_k2,2,,0.0,0.0,0.8571428571428571,,1.0,False,False
single_item_multi_period_0007,single_item_multi_period,Qwen3-8B_k3,3,,0.0,0.0,0.8571428571428571,,1.0,False,False
single_item_multi_period_0007,single_item_multi_period,Qwen3-8B_k4,4,,0.0,0.0,0.8571428571428571,,1.0,False,False
single_item_multi_period_0007,single_item_multi_period,Qwen3-8B_k5,5,,0.0,0.0,0.8571428571428571,,1.0,False,False
single_item_multi_period_0007,single_item_multi_period,Qwen3-8B_k6,6,,0.0,0.0,0.0,,0.5,False,False
single_item_multi_period_0007,single_item_multi_period,Qwen3-8B_k7,7,,0.0,0.0,0.8571428571428571,,1.0,False,False
single_item_multi_period_0008,single_item_multi_period,Qwen3-8B_k0,0,,0.0,0.0,0.8571428571428571,,1.0,True,True
single_item_multi_period_0008,single_item_multi_period,Qwen3-8B_k1,1,,0.0,0.0,0.8571428571428571,,1.0,False,False
single_item_multi_period_0008,single_item_multi_period,Qwen3-8B_k2,2,,0.0,0.0,0.8571428571428571,,1.0,False,False
single_item_multi_period_0008,single_item_multi_period,Qwen3-8B_k3,3,,0.0,0.0,0.8571428571428571,,1.0,False,False
single_item_multi_period_0008,single_item_multi_period,Qwen3-8B_k4,4,,0.0,0.0,0.8571428571428571,,1.0,False,False
single_item_multi_period_0008,single_item_multi_period,Qwen3-8B_k5,5,,0.0,0.0,0.8571428571428571,,1.0,False,False
single_item_multi_period_0008,single_item_multi_period,Qwen3-8B_k6,6,,0.0,0.0,0.8571428571428571,,1.0,False,False
single_item_multi_period_0008,single_item_multi_period,Qwen3-8B_k7,7,,0.0,0.0,0.8571428571428571,,1.0,False,False
single_item_multi_period_0009,single_item_multi_period,Qwen3-8B_k0,0,,0.0,0.0,0.8571428571428571,,1.0,True,True
single_item_multi_period_0009,single_item_multi_period,Qwen3-8B_k1,1,,0.0,0.0,0.8571428571428571,,1.0,False,False
single_item_multi_period_0009,single_item_multi_period,Qwen3-8B_k2,2,,0.0,0.0,0.8571428571428571,,1.0,False,False
single_item_multi_period_0009,single_item_multi_period,Qwen3-8B_k3,3,,0.0,0.0,0.8571428571428571,,1.0,False,False
single_item_multi_period_0009,single_item_multi_period,Qwen3-8B_k4,4,,0.0,0.0,0.8357142857142856,,1.0,False,False
single_item_multi_period_0009,single_item_multi_period,Qwen3-8B_k5,5,,0.0,0.0,0.8357142857142856,,1.0,False,False
single_item_multi_period_0009,single_item_multi_period,Qwen3-8B_k6,6,,0.0,0.0,0.8571428571428571,,1.0,False,False
single_item_multi_period_0009,single_item_multi_period,Qwen3-8B_k7,7,,0.0,0.0,0.8571428571428571,,1.0,False,False
single_item_multi_period_0010,single_item_multi_period,Qwen3-8B_k0,0,,0.0,0.0,0.8571428571428571,,1.0,True,True
single_item_multi_period_0010,single_item_multi_period,Qwen3-8B_k1,1,,0.0,0.0,0.8571428571428571,,1.0,False,False
single_item_multi_period_0010,single_item_multi_period,Qwen3-8B_k2,2,,0.0,0.0,0.8357142857142856,,1.0,False,False
single_item_multi_period_0010,single_item_multi_period,Qwen3-8B_k3,3,,0.0,0.0,0.8571428571428571,,1.0,False,False
single_item_multi_period_0010,single_item_multi_period,Qwen3-8B_k4,4,,0.0,0.0,0.8357142857142856,,1.0,False,False
single_item_multi_period_0010,single_item_multi_period,Qwen3-8B_k5,5,,0.0,0.0,0.8357142857142856,,1.0,False,False
single_item_multi_period_0010,single_item_multi_period,Qwen3-8B_k6,6,,0.0,0.0,0.8357142857142856,,1.0,False,False
single_item_multi_period_0010,single_item_multi_period,Qwen3-8B_k7,7,,0.0,0.0,0.8571428571428571,,1.0,False,False
single_item_multi_period_0011,single_item_multi_period,Qwen3-8B_k0,0,,0.0,0.0,0.8571428571428571,,1.0,True,True
single_item_multi_period_0011,single_item_multi_period,Qwen3-8B_k1,1,,0.0,0.0,0.8571428571428571,,1.0,False,False
single_item_multi_period_0011,single_item_multi_period,Qwen3-8B_k2,2,,0.0,0.0,0.8357142857142856,,1.0,False,False
single_item_multi_period_0011,single_item_multi_period,Qwen3-8B_k3,3,,0.0,0.0,0.0,,1.0,False,False
single_item_multi_period_0011,single_item_multi_period,Qwen3-8B_k4,4,,0.0,0.0,0.8571428571428571,,1.0,False,False
single_item_multi_period_0011,single_item_multi_period,Qwen3-8B_k5,5,,0.0,0.0,0.8571428571428571,,1.0,False,False
single_item_multi_period_0011,single_item_multi_period,Qwen3-8B_k6,6,,0.0,0.0,0.8357142857142856,,1.0,False,False
single_item_multi_period_0011,single_item_multi_period,Qwen3-8B_k7,7,,0.0,0.0,0.8571428571428571,,1.0,False,False
single_item_multi_period_0012,single_item_multi_period,Qwen3-8B_k0,0,,0.0,0.0,0.8571428571428571,,1.0,True,True
single_item_multi_period_0012,single_item_multi_period,Qwen3-8B_k1,1,,0.0,0.0,0.8571428571428571,,1.0,False,False
single_item_multi_period_0012,single_item_multi_period,Qwen3-8B_k2,2,,0.0,0.0,0.8571428571428571,,1.0,False,False
single_item_multi_period_0012,single_item_multi_period,Qwen3-8B_k3,3,,0.0,0.0,0.8571428571428571,,1.0,False,False
single_item_multi_period_0012,single_item_multi_period,Qwen3-8B_k4,4,,0.0,0.0,0.8571428571428571,,1.0,False,False
single_item_multi_period_0012,single_item_multi_period,Qwen3-8B_k5,5,,0.0,0.0,0.8571428571428571,,1.0,False,False
single_item_multi_period_0012,single_item_multi_period,Qwen3-8B_k6,6,,0.0,0.0,0.8571428571428571,,1.0,False,False
single_item_multi_period_0012,single_item_multi_period,Qwen3-8B_k7,7,,0.0,0.0,0.8571428571428571,,1.0,False,False
single_item_multi_period_0013,single_item_multi_period,Qwen3-8B_k0,0,,0.0,0.0,0.8571428571428571,,1.0,True,True
single_item_multi_period_0013,single_item_multi_period,Qwen3-8B_k1,1,,0.0,0.0,0.8571428571428571,,1.0,False,False
single_item_multi_period_0013,single_item_multi_period,Qwen3-8B_k2,2,,0.0,0.0,0.8571428571428571,,1.0,False,False
single_item_multi_period_0013,single_item_multi_period,Qwen3-8B_k3,3,,0.0,0.0,0.8571428571428571,,1.0,False,False
single_item_multi_period_0013,single_item_multi_period,Qwen3-8B_k4,4,,0.0,0.0,0.8571428571428571,,0.0,False,False
single_item_multi_period_0013,single_item_multi_period,Qwen3-8B_k5,5,,0.0,0.0,0.8571428571428571,,1.0,False,False
single_item_multi_period_0013,single_item_multi_period,Qwen3-8B_k6,6,,0.0,0.0,0.8571428571428571,,1.0,False,False
single_item_multi_period_0013,single_item_multi_period,Qwen3-8B_k7,7,,0.0,0.0,0.8571428571428571,,1.0,False,False
single_item_multi_period_0014,single_item_multi_period,Qwen3-8B_k0,0,,0.0,0.0,0.8571428571428571,,1.0,True,True
single_item_multi_period_0014,single_item_multi_period,Qwen3-8B_k1,1,,0.0,0.0,0.8571428571428571,,1.0,False,False
single_item_multi_period_0014,single_item_multi_period,Qwen3-8B_k2,2,,0.0,0.0,0.8571428571428571,,1.0,False,False
single_item_multi_period_0014,single_item_multi_period,Qwen3-8B_k3,3,,0.0,0.0,0.8571428571428571,,1.0,False,False
single_item_multi_period_0014,single_item_multi_period,Qwen3-8B_k4,4,,0.0,0.0,0.8571428571428571,,1.0,False,False
single_item_multi_period_0014,single_item_multi_period,Qwen3-8B_k5,5,,0.0,0.0,0.8571428571428571,,1.0,False,False
single_item_multi_period_0014,single_item_multi_period,Qwen3-8B_k6,6,,0.0,0.0,0.8571428571428571,,1.0,False,False
single_item_multi_period_0014,single_item_multi_period,Qwen3-8B_k7,7,,0.0,0.0,0.8571428571428571,,1.0,False,False
single_item_multi_period_0015,single_item_multi_period,Qwen3-8B_k0,0,,0.0,0.0,0.8571428571428571,,1.0,True,True
single_item_multi_period_0015,single_item_multi_period,Qwen3-8B_k1,1,,0.0,0.0,0.8571428571428571,,1.0,False,False
single_item_multi_period_0015,single_item_multi_period,Qwen3-8B_k2,2,,0.0,0.0,0.8357142857142856,,1.0,False,False
single_item_multi_period_0015,single_item_multi_period,Qwen3-8B_k3,3,,0.0,0.0,0.8571428571428571,,1.0,False,False
single_item_multi_period_0015,single_item_multi_period,Qwen3-8B_k4,4,,0.0,0.0,0.8571428571428571,,1.0,False,False
single_item_multi_period_0015,single_item_multi_period,Qwen3-8B_k5,5,,0.0,0.0,0.8571428571428571,,1.0,False,False
single_item_multi_period_0015,single_item_multi_period,Qwen3-8B_k6,6,,0.0,0.0,0.8357142857142856,,1.0,False,False
single_item_multi_period_0015,single_item_multi_period,Qwen3-8B_k7,7,,0.0,0.0,0.8571428571428571,,1.0,False,False
single_item_multi_period_0016,single_item_multi_period,Qwen3-8B_k0,0,,0.0,0.0,0.8571428571428571,,1.0,True,True
single_item_multi_period_0016,single_item_multi_period,Qwen3-8B_k1,1,,0.0,0.0,0.8571428571428571,,1.0,False,False
single_item_multi_period_0016,single_item_multi_period,Qwen3-8B_k2,2,,0.0,0.0,0.8571428571428571,,1.0,False,False
single_item_multi_period_0016,single_item_multi_period,Qwen3-8B_k3,3,,0.0,0.0,0.8571428571428571,,1.0,False,False
single_item_multi_period_0016,single_item_multi_period,Qwen3-8B_k4,4,,0.0,0.0,0.8571428571428571,,1.0,False,False
single_item_multi_period_0016,single_item_multi_period,Qwen3-8B_k5,5,,0.0,0.0,0.8571428571428571,,1.0,False,False
single_item_multi_period_0016,single_item_multi_period,Qwen3-8B_k6,6,,0.0,0.0,0.8571428571428571,,1.0,False,False
single_item_multi_period_0016,single_item_multi_period,Qwen3-8B_k7,7,,0.0,0.0,0.8571428571428571,,1.0,False,False
single_item_multi_period_0017,single_item_multi_period,Qwen3-8B_k0,0,,0.0,0.0,0.8571428571428571,,1.0,True,True
single_item_multi_period_0017,single_item_multi_period,Qwen3-8B_k1,1,,0.0,0.0,0.8571428571428571,,1.0,False,False
single_item_multi_period_0017,single_item_multi_period,Qwen3-8B_k2,2,,0.0,0.0,0.8571428571428571,,1.0,False,False
single_item_multi_period_0017,single_item_multi_period,Qwen3-8B_k3,3,,0.0,0.0,0.8571428571428571,,1.0,False,False
single_item_multi_period_0017,single_item_multi_period,Qwen3-8B_k4,4,,0.0,0.0,0.8357142857142856,,1.0,False,False
single_item_multi_period_0017,single_item_multi_period,Qwen3-8B_k5,5,,0.0,0.0,0.8357142857142856,,1.0,False,False
single_item_multi_period_0017,single_item_multi_period,Qwen3-8B_k6,6,,0.0,0.0,0.8571428571428571,,1.0,False,False
single_item_multi_period_0017,single_item_multi_period,Qwen3-8B_k7,7,,0.0,0.0,0.0,,1.0,False,False
single_item_multi_period_0018,single_item_multi_period,Qwen3-8B_k0,0,,0.0,0.0,0.8571428571428571,,1.0,True,True
single_item_multi_period_0018,single_item_multi_period,Qwen3-8B_k1,1,,0.0,0.0,0.8571428571428571,,1.0,False,False
single_item_multi_period_0018,single_item_multi_period,Qwen3-8B_k2,2,,0.0,0.0,0.8571428571428571,,1.0,False,False
single_item_multi_period_0018,single_item_multi_period,Qwen3-8B_k3,3,,0.0,0.0,0.8571428571428571,,1.0,False,False
single_item_multi_period_0018,single_item_multi_period,Qwen3-8B_k4,4,,0.0,0.0,0.8571428571428571,,1.0,False,False
single_item_multi_period_0018,single_item_multi_period,Qwen3-8B_k5,5,,0.0,0.0,0.8571428571428571,,1.0,False,False
single_item_multi_period_0018,single_item_multi_period,Qwen3-8B_k6,6,,0.0,0.0,0.8571428571428571,,1.0,False,False
single_item_multi_period_0018,single_item_multi_period,Qwen3-8B_k7,7,,0.0,0.0,0.8571428571428571,,1.0,False,False
single_item_multi_period_0019,single_item_multi_period,Qwen3-8B_k0,0,,0.0,0.0,0.8571428571428571,,1.0,True,True
single_item_multi_period_0019,single_item_multi_period,Qwen3-8B_k1,1,,0.0,0.0,0.8571428571428571,,1.0,False,False
single_item_multi_period_0019,single_item_multi_period,Qwen3-8B_k2,2,,0.0,0.0,0.0,,0.0,False,False
single_item_multi_period_0019,single_item_multi_period,Qwen3-8B_k3,3,,0.0,0.0,0.8571428571428571,,1.0,False,False
single_item_multi_period_0019,single_item_multi_period,Qwen3-8B_k4,4,,0.0,0.0,0.8571428571428571,,1.0,False,False
single_item_multi_period_0019,single_item_multi_period,Qwen3-8B_k5,5,,0.0,0.0,0.8571428571428571,,1.0,False,False
single_item_multi_period_0019,single_item_multi_period,Qwen3-8B_k6,6,,0.0,0.0,0.8571428571428571,,1.0,False,False
single_item_multi_period_0019,single_item_multi_period,Qwen3-8B_k7,7,,0.0,0.0,0.8571428571428571,,1.0,False,False
single_item_multi_period_shortage_0000,single_item_multi_period_shortage,Qwen3-8B_k0,0,,0.0,0.0,0.8611111111111112,,1.0,True,True
single_item_multi_period_shortage_0000,single_item_multi_period_shortage,Qwen3-8B_k1,1,,0.0,0.0,0.8611111111111112,,1.0,False,False
single_item_multi_period_shortage_0000,single_item_multi_period_shortage,Qwen3-8B_k2,2,,0.0,0.0,0.8444444444444444,,1.0,False,False
single_item_multi_period_shortage_0000,single_item_multi_period_shortage,Qwen3-8B_k3,3,,0.0,0.0,0.8611111111111112,,1.0,False,False
single_item_multi_period_shortage_0000,single_item_multi_period_shortage,Qwen3-8B_k4,4,,0.0,0.0,0.8611111111111112,,1.0,False,False
single_item_multi_period_shortage_0000,single_item_multi_period_shortage,Qwen3-8B_k5,5,,0.0,0.0,0.8611111111111112,,1.0,False,False
single_item_multi_period_shortage_0000,single_item_multi_period_shortage,Qwen3-8B_k6,6,,0.0,0.0,0.8611111111111112,,1.0,False,False
single_item_multi_period_shortage_0000,single_item_multi_period_shortage,Qwen3-8B_k7,7,,0.0,0.0,0.8611111111111112,,1.0,False,False
single_item_multi_period_shortage_0001,single_item_multi_period_shortage,Qwen3-8B_k0,0,,0.0,0.0,0.8611111111111112,,1.0,True,True
single_item_multi_period_shortage_0001,single_item_multi_period_shortage,Qwen3-8B_k1,1,,0.0,0.0,0.8611111111111112,,1.0,False,False
single_item_multi_period_shortage_0001,single_item_multi_period_shortage,Qwen3-8B_k2,2,,0.0,0.0,0.8444444444444444,,1.0,False,False
single_item_multi_period_shortage_0001,single_item_multi_period_shortage,Qwen3-8B_k3,3,,0.0,0.0,0.8611111111111112,,1.0,False,False
single_item_multi_period_shortage_0001,single_item_multi_period_shortage,Qwen3-8B_k4,4,,0.0,0.0,0.8444444444444444,,1.0,False,False
single_item_multi_period_shortage_0001,single_item_multi_period_shortage,Qwen3-8B_k5,5,,0.0,0.0,0.8444444444444444,,1.0,False,False
single_item_multi_period_shortage_0001,single_item_multi_period_shortage,Qwen3-8B_k6,6,,0.0,0.0,0.8611111111111112,,1.0,False,False
single_item_multi_period_shortage_0001,single_item_multi_period_shortage,Qwen3-8B_k7,7,,0.0,0.0,0.8611111111111112,,1.0,False,False
single_item_multi_period_shortage_0002,single_item_multi_period_shortage,Qwen3-8B_k0,0,,0.0,0.0,0.8611111111111112,,1.0,True,True
single_item_multi_period_shortage_0002,single_item_multi_period_shortage,Qwen3-8B_k1,1,,0.0,0.0,0.8611111111111112,,1.0,False,False
single_item_multi_period_shortage_0002,single_item_multi_period_shortage,Qwen3-8B_k2,2,,0.0,0.0,0.8444444444444444,,1.0,False,False
single_item_multi_period_shortage_0002,single_item_multi_period_shortage,Qwen3-8B_k3,3,,0.0,0.0,0.8444444444444444,,1.0,False,False
single_item_multi_period_shortage_0002,single_item_multi_period_shortage,Qwen3-8B_k4,4,,0.0,0.0,0.8611111111111112,,1.0,False,False
single_item_multi_period_shortage_0002,single_item_multi_period_shortage,Qwen3-8B_k5,5,,0.0,0.0,0.8611111111111112,,1.0,False,False
single_item_multi_period_shortage_0002,single_item_multi_period_shortage,Qwen3-8B_k6,6,,0.0,0.0,0.8611111111111112,,1.0,False,False
single_item_multi_period_shortage_0002,single_item_multi_period_shortage,Qwen3-8B_k7,7,,0.0,0.0,0.8611111111111112,,1.0,False,False
single_item_multi_period_shortage_0003,single_item_multi_period_shortage,Qwen3-8B_k0,0,,0.0,0.0,0.8444444444444444,,1.0,False,False
single_item_multi_period_shortage_0003,single_item_multi_period_shortage,Qwen3-8B_k1,1,,0.0,0.0,0.8611111111111112,,1.0,True,True
single_item_multi_period_shortage_0003,single_item_multi_period_shortage,Qwen3-8B_k2,2,,0.0,0.0,0.8444444444444444,,1.0,False,False
single_item_multi_period_shortage_0003,single_item_multi_period_shortage,Qwen3-8B_k3,3,,0.0,0.0,0.8611111111111112,,1.0,False,False
single_item_multi_period_shortage_0003,single_item_multi_period_shortage,Qwen3-8B_k4,4,,0.0,0.0,0.8611111111111112,,1.0,False,False
single_item_multi_period_shortage_0003,single_item_multi_period_shortage,Qwen3-8B_k5,5,,0.0,0.0,0.8444444444444444,,1.0,False,False
single_item_multi_period_shortage_0003,single_item_multi_period_shortage,Qwen3-8B_k6,6,,0.0,0.0,0.8611111111111112,,1.0,False,False
single_item_multi_period_shortage_0003,single_item_multi_period_shortage,Qwen3-8B_k7,7,,0.0,0.0,0.8611111111111112,,1.0,False,False
single_item_multi_period_shortage_0004,single_item_multi_period_shortage,Qwen3-8B_k0,0,,0.0,0.0,0.8444444444444444,,1.0,False,False
single_item_multi_period_shortage_0004,single_item_multi_period_shortage,Qwen3-8B_k1,1,,0.0,0.0,0.8611111111111112,,1.0,True,True
single_item_multi_period_shortage_0004,single_item_multi_period_shortage,Qwen3-8B_k2,2,,0.0,0.0,0.8444444444444444,,1.0,False,False
single_item_multi_period_shortage_0004,single_item_multi_period_shortage,Qwen3-8B_k3,3,,0.0,0.0,0.8444444444444444,,1.0,False,False
single_item_multi_period_shortage_0004,single_item_multi_period_shortage,Qwen3-8B_k4,4,,0.0,0.0,0.8611111111111112,,1.0,False,False
single_item_multi_period_shortage_0004,single_item_multi_period_shortage,Qwen3-8B_k5,5,,0.0,0.0,0.8611111111111112,,1.0,False,False
single_item_multi_period_shortage_0004,single_item_multi_period_shortage,Qwen3-8B_k6,6,,0.0,0.0,0.8611111111111112,,1.0,False,False
single_item_multi_period_shortage_0004,single_item_multi_period_shortage,Qwen3-8B_k7,7,,0.0,0.0,0.8611111111111112,,1.0,False,False
single_item_multi_period_shortage_0005,single_item_multi_period_shortage,Qwen3-8B_k0,0,,0.0,0.0,0.8444444444444444,,1.0,False,False
single_item_multi_period_shortage_0005,single_item_multi_period_shortage,Qwen3-8B_k1,1,,0.0,0.0,0.8444444444444444,,1.0,False,False
single_item_multi_period_shortage_0005,single_item_multi_period_shortage,Qwen3-8B_k2,2,,0.0,0.0,0.8444444444444444,,1.0,False,False
single_item_multi_period_shortage_0005,single_item_multi_period_shortage,Qwen3-8B_k3,3,,0.0,0.0,0.8444444444444444,,1.0,False,False
single_item_multi_period_shortage_0005,single_item_multi_period_shortage,Qwen3-8B_k4,4,,0.0,0.0,0.8444444444444444,,1.0,False,False
single_item_multi_period_shortage_0005,single_item_multi_period_shortage,Qwen3-8B_k5,5,,0.0,0.0,0.8444444444444444,,1.0,False,False
single_item_multi_period_shortage_0005,single_item_multi_period_shortage,Qwen3-8B_k6,6,,0.0,0.0,0.8444444444444444,,1.0,False,False
single_item_multi_period_shortage_0005,single_item_multi_period_shortage,Qwen3-8B_k7,7,,0.0,0.0,0.8611111111111112,,1.0,True,True
single_item_multi_period_shortage_0006,single_item_multi_period_shortage,Qwen3-8B_k0,0,,0.0,0.0,0.8611111111111112,,1.0,False,False
single_item_multi_period_shortage_0006,single_item_multi_period_shortage,Qwen3-8B_k1,1,,0.0,0.0,0.8444444444444444,,1.0,False,False
single_item_multi_period_shortage_0006,single_item_multi_period_shortage,Qwen3-8B_k2,2,,0.0,0.0,0.8444444444444444,,1.0,False,False
single_item_multi_period_shortage_0006,single_item_multi_period_shortage,Qwen3-8B_k3,3,,0.0,0.0,0.8444444444444444,,1.0,False,False
single_item_multi_period_shortage_0006,single_item_multi_period_shortage,Qwen3-8B_k4,4,,0.0,0.0,0.8444444444444444,,1.0,False,False
single_item_multi_period_shortage_0006,single_item_multi_period_shortage,Qwen3-8B_k5,5,,0.0,0.0,0.8444444444444444,,1.0,False,False
single_item_multi_period_shortage_0006,single_item_multi_period_shortage,Qwen3-8B_k6,6,,0.0,0.0,0.8611111111111112,,1.0,True,True
single_item_multi_period_shortage_0006,single_item_multi_period_shortage,Qwen3-8B_k7,7,,0.0,0.0,0.8444444444444444,,1.0,False,False
single_item_multi_period_shortage_0007,single_item_multi_period_shortage,Qwen3-8B_k0,0,,0.0,0.0,0.8444444444444444,,1.0,False,False
single_item_multi_period_shortage_0007,single_item_multi_period_shortage,Qwen3-8B_k1,1,,0.0,0.0,0.8611111111111112,,1.0,True,True
single_item_multi_period_shortage_0007,single_item_multi_period_shortage,Qwen3-8B_k2,2,,0.0,0.0,0.8444444444444444,,1.0,False,False
single_item_multi_period_shortage_0007,single_item_multi_period_shortage,Qwen3-8B_k3,3,,0.0,0.0,0.8611111111111112,,1.0,False,False
single_item_multi_period_shortage_0007,single_item_multi_period_shortage,Qwen3-8B_k4,4,,0.0,0.0,0.8611111111111112,,1.0,False,False
single_item_multi_period_shortage_0007,single_item_multi_period_shortage,Qwen3-8B_k5,5,,0.0,0.0,0.8611111111111112,,1.0,False,False
single_item_multi_period_shortage_0007,single_item_multi_period_shortage,Qwen3-8B_k6,6,,0.0,0.0,0.8611111111111112,,1.0,False,False
single_item_multi_period_shortage_0007,single_item_multi_period_shortage,Qwen3-8B_k7,7,,0.0,0.0,0.8611111111111112,,1.0,False,False
single_item_multi_period_shortage_0008,single_item_multi_period_shortage,Qwen3-8B_k0,0,,0.0,0.0,0.8611111111111112,,1.0,True,True
single_item_multi_period_shortage_0008,single_item_multi_period_shortage,Qwen3-8B_k1,1,,0.0,0.0,0.8444444444444444,,1.0,False,False
single_item_multi_period_shortage_0008,single_item_multi_period_shortage,Qwen3-8B_k2,2,,0.0,0.0,0.8444444444444444,,1.0,False,False
single_item_multi_period_shortage_0008,single_item_multi_period_shortage,Qwen3-8B_k3,3,,0.0,0.0,0.8611111111111112,,1.0,False,False
single_item_multi_period_shortage_0008,single_item_multi_period_shortage,Qwen3-8B_k4,4,,0.0,0.0,0.8444444444444444,,1.0,False,False
single_item_multi_period_shortage_0008,single_item_multi_period_shortage,Qwen3-8B_k5,5,,0.0,0.0,0.8611111111111112,,1.0,False,False
single_item_multi_period_shortage_0008,single_item_multi_period_shortage,Qwen3-8B_k6,6,,0.0,0.0,0.8444444444444444,,1.0,False,False
single_item_multi_period_shortage_0008,single_item_multi_period_shortage,Qwen3-8B_k7,7,,0.0,0.0,0.8611111111111112,,1.0,False,False
single_item_multi_period_shortage_0009,single_item_multi_period_shortage,Qwen3-8B_k0,0,,0.0,0.0,0.8611111111111112,,1.0,True,True
single_item_multi_period_shortage_0009,single_item_multi_period_shortage,Qwen3-8B_k1,1,,0.0,0.0,0.8611111111111112,,1.0,False,False
single_item_multi_period_shortage_0009,single_item_multi_period_shortage,Qwen3-8B_k2,2,,0.0,0.0,0.8444444444444444,,1.0,False,False
single_item_multi_period_shortage_0009,single_item_multi_period_shortage,Qwen3-8B_k3,3,,0.0,0.0,0.8444444444444444,,1.0,False,False
single_item_multi_period_shortage_0009,single_item_multi_period_shortage,Qwen3-8B_k4,4,,0.0,0.0,0.8444444444444444,,1.0,False,False
single_item_multi_period_shortage_0009,single_item_multi_period_shortage,Qwen3-8B_k5,5,,0.0,0.0,0.8444444444444444,,1.0,False,False
single_item_multi_period_shortage_0009,single_item_multi_period_shortage,Qwen3-8B_k6,6,,0.0,0.0,0.8611111111111112,,1.0,False,False
single_item_multi_period_shortage_0009,single_item_multi_period_shortage,Qwen3-8B_k7,7,,0.0,0.0,0.8444444444444444,,1.0,False,False
single_item_multi_period_shortage_0010,single_item_multi_period_shortage,Qwen3-8B_k0,0,,0.0,0.0,0.8611111111111112,,1.0,True,True
single_item_multi_period_shortage_0010,single_item_multi_period_shortage,Qwen3-8B_k1,1,,0.0,0.0,0.8611111111111112,,1.0,False,False
single_item_multi_period_shortage_0010,single_item_multi_period_shortage,Qwen3-8B_k2,2,,0.0,0.0,0.8444444444444444,,1.0,False,False
single_item_multi_period_shortage_0010,single_item_multi_period_shortage,Qwen3-8B_k3,3,,0.0,0.0,0.8611111111111112,,1.0,False,False
single_item_multi_period_shortage_0010,single_item_multi_period_shortage,Qwen3-8B_k4,4,,0.0,0.0,0.8444444444444444,,1.0,False,False
single_item_multi_period_shortage_0010,single_item_multi_period_shortage,Qwen3-8B_k5,5,,0.0,0.0,0.8444444444444444,,1.0,False,False
single_item_multi_period_shortage_0010,single_item_multi_period_shortage,Qwen3-8B_k6,6,,0.0,0.0,0.8444444444444444,,1.0,False,False
single_item_multi_period_shortage_0010,single_item_multi_period_shortage,Qwen3-8B_k7,7,,0.0,0.0,0.8611111111111112,,1.0,False,False
single_item_multi_period_shortage_0011,single_item_multi_period_shortage,Qwen3-8B_k0,0,,0.0,0.0,0.8611111111111112,,1.0,False,False
single_item_multi_period_shortage_0011,single_item_multi_period_shortage,Qwen3-8B_k1,1,,0.0,0.0,0.8611111111111112,,1.0,True,True
single_item_multi_period_shortage_0011,single_item_multi_period_shortage,Qwen3-8B_k2,2,,0.0,0.0,0.8444444444444444,,1.0,False,False
single_item_multi_period_shortage_0011,single_item_multi_period_shortage,Qwen3-8B_k3,3,,0.0,0.0,0.8611111111111112,,1.0,False,False
single_item_multi_period_shortage_0011,single_item_multi_period_shortage,Qwen3-8B_k4,4,,0.0,0.0,0.8611111111111112,,1.0,False,False
single_item_multi_period_shortage_0011,single_item_multi_period_shortage,Qwen3-8B_k5,5,,0.0,0.0,0.8611111111111112,,1.0,False,False
single_item_multi_period_shortage_0011,single_item_multi_period_shortage,Qwen3-8B_k6,6,,0.0,0.0,0.8611111111111112,,1.0,False,False
single_item_multi_period_shortage_0011,single_item_multi_period_shortage,Qwen3-8B_k7,7,,0.0,0.0,0.8444444444444444,,1.0,False,False
single_item_multi_period_shortage_0012,single_item_multi_period_shortage,Qwen3-8B_k0,0,,0.0,0.0,0.8444444444444444,,1.0,True,True
single_item_multi_period_shortage_0012,single_item_multi_period_shortage,Qwen3-8B_k1,1,,0.0,0.0,0.8444444444444444,,1.0,False,False
single_item_multi_period_shortage_0012,single_item_multi_period_shortage,Qwen3-8B_k2,2,,0.0,0.0,0.8444444444444444,,1.0,False,False
single_item_multi_period_shortage_0012,single_item_multi_period_shortage,Qwen3-8B_k3,3,,0.0,0.0,0.8444444444444444,,1.0,False,False
single_item_multi_period_shortage_0012,single_item_multi_period_shortage,Qwen3-8B_k4,4,,0.0,0.0,0.8444444444444444,,1.0,False,False
single_item_multi_period_shortage_0012,single_item_multi_period_shortage,Qwen3-8B_k5,5,,0.0,0.0,0.8444444444444444,,1.0,False,False
single_item_multi_period_shortage_0012,single_item_multi_period_shortage,Qwen3-8B_k6,6,,0.0,0.0,0.8444444444444444,,1.0,False,False
single_item_multi_period_shortage_0012,single_item_multi_period_shortage,Qwen3-8B_k7,7,,0.0,0.0,0.8444444444444444,,1.0,False,False
single_item_multi_period_shortage_0013,single_item_multi_period_shortage,Qwen3-8B_k0,0,,0.0,0.0,0.8611111111111112,,1.0,True,True
single_item_multi_period_shortage_0013,single_item_multi_period_shortage,Qwen3-8B_k1,1,,0.0,0.0,0.8444444444444444,,1.0,False,False
single_item_multi_period_shortage_0013,single_item_multi_period_shortage,Qwen3-8B_k2,2,,0.0,0.0,0.8444444444444444,,1.0,False,False
single_item_multi_period_shortage_0013,single_item_multi_period_shortage,Qwen3-8B_k3,3,,0.0,0.0,0.8611111111111112,,1.0,False,False
single_item_multi_period_shortage_0013,single_item_multi_period_shortage,Qwen3-8B_k4,4,,0.0,0.0,0.8444444444444444,,1.0,False,False
single_item_multi_period_shortage_0013,single_item_multi_period_shortage,Qwen3-8B_k5,5,,0.0,0.0,0.8444444444444444,,1.0,False,False
single_item_multi_period_shortage_0013,single_item_multi_period_shortage,Qwen3-8B_k6,6,,0.0,0.0,0.8611111111111112,,1.0,False,False
single_item_multi_period_shortage_0013,single_item_multi_period_shortage,Qwen3-8B_k7,7,,0.0,0.0,0.8444444444444444,,1.0,False,False
single_item_multi_period_shortage_0014,single_item_multi_period_shortage,Qwen3-8B_k0,0,,0.0,0.0,0.8444444444444444,,1.0,False,False
single_item_multi_period_shortage_0014,single_item_multi_period_shortage,Qwen3-8B_k1,1,,0.0,0.0,0.8611111111111112,,1.0,True,True
single_item_multi_period_shortage_0014,single_item_multi_period_shortage,Qwen3-8B_k2,2,,0.0,0.0,0.8444444444444444,,1.0,False,False
single_item_multi_period_shortage_0014,single_item_multi_period_shortage,Qwen3-8B_k3,3,,0.0,0.0,0.8444444444444444,,1.0,False,False
single_item_multi_period_shortage_0014,single_item_multi_period_shortage,Qwen3-8B_k4,4,,0.0,0.0,0.8611111111111112,,1.0,False,False
single_item_multi_period_shortage_0014,single_item_multi_period_shortage,Qwen3-8B_k5,5,,0.0,0.0,0.8444444444444444,,1.0,False,False
single_item_multi_period_shortage_0014,single_item_multi_period_shortage,Qwen3-8B_k6,6,,0.0,0.0,0.8444444444444444,,1.0,False,False
single_item_multi_period_shortage_0014,single_item_multi_period_shortage,Qwen3-8B_k7,7,,0.0,0.0,0.8444444444444444,,1.0,False,False
single_item_multi_period_shortage_0015,single_item_multi_period_shortage,Qwen3-8B_k0,0,,0.0,0.0,0.8611111111111112,,1.0,True,True
single_item_multi_period_shortage_0015,single_item_multi_period_shortage,Qwen3-8B_k1,1,,0.0,0.0,0.8611111111111112,,1.0,False,False
single_item_multi_period_shortage_0015,single_item_multi_period_shortage,Qwen3-8B_k2,2,,0.0,0.0,0.8444444444444444,,1.0,False,False
single_item_multi_period_shortage_0015,single_item_multi_period_shortage,Qwen3-8B_k3,3,,0.0,0.0,0.8444444444444444,,1.0,False,False
single_item_multi_period_shortage_0015,single_item_multi_period_shortage,Qwen3-8B_k4,4,,0.0,0.0,0.8444444444444444,,1.0,False,False
single_item_multi_period_shortage_0015,single_item_multi_period_shortage,Qwen3-8B_k5,5,,0.0,0.0,0.8611111111111112,,1.0,False,False
single_item_multi_period_shortage_0015,single_item_multi_period_shortage,Qwen3-8B_k6,6,,0.0,0.0,0.8611111111111112,,1.0,False,False
single_item_multi_period_shortage_0015,single_item_multi_period_shortage,Qwen3-8B_k7,7,,0.0,0.0,0.8611111111111112,,1.0,False,False
single_item_multi_period_shortage_0016,single_item_multi_period_shortage,Qwen3-8B_k0,0,,0.0,0.0,0.8444444444444444,,1.0,False,False
single_item_multi_period_shortage_0016,single_item_multi_period_shortage,Qwen3-8B_k1,1,,0.0,0.0,0.8611111111111112,,1.0,True,True
single_item_multi_period_shortage_0016,single_item_multi_period_shortage,Qwen3-8B_k2,2,,0.0,0.0,0.8444444444444444,,1.0,False,False
single_item_multi_period_shortage_0016,single_item_multi_period_shortage,Qwen3-8B_k3,3,,0.0,0.0,0.8611111111111112,,1.0,False,False
single_item_multi_period_shortage_0016,single_item_multi_period_shortage,Qwen3-8B_k4,4,,0.0,0.0,0.8444444444444444,,1.0,False,False
single_item_multi_period_shortage_0016,single_item_multi_period_shortage,Qwen3-8B_k5,5,,0.0,0.0,0.8444444444444444,,1.0,False,False
single_item_multi_period_shortage_0016,single_item_multi_period_shortage,Qwen3-8B_k6,6,,0.0,0.0,0.8444444444444444,,1.0,False,False
single_item_multi_period_shortage_0016,single_item_multi_period_shortage,Qwen3-8B_k7,7,,0.0,0.0,0.8444444444444444,,1.0,False,False
single_item_multi_period_shortage_0017,single_item_multi_period_shortage,Qwen3-8B_k0,0,,0.0,0.0,0.8611111111111112,,1.0,True,True
single_item_multi_period_shortage_0017,single_item_multi_period_shortage,Qwen3-8B_k1,1,,0.0,0.0,0.8611111111111112,,1.0,False,False
single_item_multi_period_shortage_0017,single_item_multi_period_shortage,Qwen3-8B_k2,2,,0.0,0.0,0.8444444444444444,,1.0,False,False
single_item_multi_period_shortage_0017,single_item_multi_period_shortage,Qwen3-8B_k3,3,,0.0,0.0,0.8444444444444444,,1.0,False,False
single_item_multi_period_shortage_0017,single_item_multi_period_shortage,Qwen3-8B_k4,4,,0.0,0.0,0.8611111111111112,,1.0,False,False
single_item_multi_period_shortage_0017,single_item_multi_period_shortage,Qwen3-8B_k5,5,,0.0,0.0,0.8611111111111112,,1.0,False,False
single_item_multi_period_shortage_0017,single_item_multi_period_shortage,Qwen3-8B_k6,6,,0.0,0.0,0.8444444444444444,,1.0,False,False
single_item_multi_period_shortage_0017,single_item_multi_period_shortage,Qwen3-8B_k7,7,,0.0,0.0,0.8611111111111112,,1.0,False,False
single_item_multi_period_shortage_0018,single_item_multi_period_shortage,Qwen3-8B_k0,0,,0.0,0.0,0.8444444444444444,,1.0,False,False
single_item_multi_period_shortage_0018,single_item_multi_period_shortage,Qwen3-8B_k1,1,,0.0,0.0,0.8611111111111112,,1.0,True,True
single_item_multi_period_shortage_0018,single_item_multi_period_shortage,Qwen3-8B_k2,2,,0.0,0.0,0.8444444444444444,,1.0,False,False
single_item_multi_period_shortage_0018,single_item_multi_period_shortage,Qwen3-8B_k3,3,,0.0,0.0,0.8444444444444444,,1.0,False,False
single_item_multi_period_shortage_0018,single_item_multi_period_shortage,Qwen3-8B_k4,4,,0.0,0.0,0.8611111111111112,,1.0,False,False
single_item_multi_period_shortage_0018,single_item_multi_period_shortage,Qwen3-8B_k5,5,,0.0,0.0,0.8611111111111112,,1.0,False,False
single_item_multi_period_shortage_0018,single_item_multi_period_shortage,Qwen3-8B_k6,6,,0.0,0.0,0.8444444444444444,,1.0,False,False
single_item_multi_period_shortage_0018,single_item_multi_period_shortage,Qwen3-8B_k7,7,,0.0,0.0,0.8611111111111112,,1.0,False,False
single_item_multi_period_shortage_0019,single_item_multi_period_shortage,Qwen3-8B_k0,0,,0.0,0.0,0.8444444444444444,,1.0,False,False
single_item_multi_period_shortage_0019,single_item_multi_period_shortage,Qwen3-8B_k1,1,,0.0,0.0,0.8611111111111112,,1.0,True,True
single_item_multi_period_shortage_0019,single_item_multi_period_shortage,Qwen3-8B_k2,2,,0.0,0.0,0.8444444444444444,,1.0,False,False
single_item_multi_period_shortage_0019,single_item_multi_period_shortage,Qwen3-8B_k3,3,,0.0,0.0,0.8611111111111112,,1.0,False,False
single_item_multi_period_shortage_0019,single_item_multi_period_shortage,Qwen3-8B_k4,4,,0.0,0.0,0.8611111111111112,,1.0,False,False
single_item_multi_period_shortage_0019,single_item_multi_period_shortage,Qwen3-8B_k5,5,,0.0,0.0,0.8611111111111112,,1.0,False,False
single_item_multi_period_shortage_0019,single_item_multi_period_shortage,Qwen3-8B_k6,6,,0.0,0.0,0.8444444444444444,,1.0,False,False
single_item_multi_period_shortage_0019,single_item_multi_period_shortage,Qwen3-8B_k7,7,,0.0,0.0,0.8611111111111112,,1.0,False,False
multi_item_capacity_0000,multi_item_capacity,Qwen3-8B_k0,0,capacity_constraint,1.0,1.0,0.71875,,1.0,False,False
multi_item_capacity_0000,multi_item_capacity,Qwen3-8B_k1,1,capacity_constraint,1.0,1.0,0.71875,,1.0,False,False
multi_item_capacity_0000,multi_item_capacity,Qwen3-8B_k2,2,capacity_constraint,1.0,1.0,0.71875,,1.0,False,False
multi_item_capacity_0000,multi_item_capacity,Qwen3-8B_k3,3,,0.0,0.0,0.8125,,1.0,True,True
multi_item_capacity_0000,multi_item_capacity,Qwen3-8B_k4,4,capacity_constraint,1.0,1.0,0.71875,,1.0,False,False
multi_item_capacity_0000,multi_item_capacity,Qwen3-8B_k5,5,capacity_constraint,1.0,1.0,0.71875,,1.0,False,False
multi_item_capacity_0000,multi_item_capacity,Qwen3-8B_k6,6,capacity_constraint,1.0,1.0,0.71875,,1.0,False,False
multi_item_capacity_0000,multi_item_capacity,Qwen3-8B_k7,7,capacity_constraint,1.0,1.0,0.71875,,1.0,False,False
multi_item_capacity_0001,multi_item_capacity,Qwen3-8B_k0,0,capacity_constraint,1.0,1.0,0.71875,,1.0,False,False
multi_item_capacity_0001,multi_item_capacity,Qwen3-8B_k1,1,capacity_constraint,1.0,1.0,0.71875,,1.0,False,False
multi_item_capacity_0001,multi_item_capacity,Qwen3-8B_k2,2,capacity_constraint,1.0,1.0,0.71875,,1.0,False,False
multi_item_capacity_0001,multi_item_capacity,Qwen3-8B_k3,3,,0.0,0.0,0.8125,,1.0,True,True
multi_item_capacity_0001,multi_item_capacity,Qwen3-8B_k4,4,capacity_constraint,1.0,1.0,0.71875,,1.0,False,False
multi_item_capacity_0001,multi_item_capacity,Qwen3-8B_k5,5,capacity_constraint,1.0,1.0,0.71875,,1.0,False,False
multi_item_capacity_0001,multi_item_capacity,Qwen3-8B_k6,6,capacity_constraint,1.0,1.0,0.71875,,1.0,False,False
multi_item_capacity_0001,multi_item_capacity,Qwen3-8B_k7,7,capacity_constraint,1.0,1.0,0.71875,,1.0,False,False
multi_item_capacity_0002,multi_item_capacity,Qwen3-8B_k0,0,capacity_constraint,1.0,1.0,0.71875,,1.0,True,True
multi_item_capacity_0002,multi_item_capacity,Qwen3-8B_k1,1,capacity_constraint,1.0,1.0,0.71875,,1.0,False,False
multi_item_capacity_0002,multi_item_capacity,Qwen3-8B_k2,2,capacity_constraint,1.0,1.0,0.71875,,1.0,False,False
multi_item_capacity_0002,multi_item_capacity,Qwen3-8B_k3,3,capacity_constraint,1.0,1.0,0.71875,,1.0,False,False
multi_item_capacity_0002,multi_item_capacity,Qwen3-8B_k4,4,capacity_constraint,1.0,1.0,0.71875,,1.0,False,False
multi_item_capacity_0002,multi_item_capacity,Qwen3-8B_k5,5,capacity_constraint,1.0,1.0,0.71875,,1.0,False,False
multi_item_capacity_0002,multi_item_capacity,Qwen3-8B_k6,6,capacity_constraint,1.0,1.0,0.71875,,1.0,False,False
multi_item_capacity_0002,multi_item_capacity,Qwen3-8B_k7,7,capacity_constraint,1.0,1.0,0.71875,,1.0,False,False
multi_item_capacity_0003,multi_item_capacity,Qwen3-8B_k0,0,capacity_constraint,1.0,1.0,0.71875,,1.0,False,False
multi_item_capacity_0003,multi_item_capacity,Qwen3-8B_k1,1,capacity_constraint,1.0,1.0,0.71875,,1.0,False,False
multi_item_capacity_0003,multi_item_capacity,Qwen3-8B_k2,2,capacity_constraint,1.0,1.0,0.71875,,1.0,False,False
multi_item_capacity_0003,multi_item_capacity,Qwen3-8B_k3,3,,0.0,0.0,0.8125,,1.0,False,False
multi_item_capacity_0003,multi_item_capacity,Qwen3-8B_k4,4,,0.0,0.0,0.875,,1.0,True,True
multi_item_capacity_0003,multi_item_capacity,Qwen3-8B_k5,5,,0.0,0.0,0.875,,1.0,False,False
multi_item_capacity_0003,multi_item_capacity,Qwen3-8B_k6,6,capacity_constraint,1.0,1.0,0.71875,,1.0,False,False
multi_item_capacity_0003,multi_item_capacity,Qwen3-8B_k7,7,capacity_constraint,1.0,1.0,0.71875,,1.0,False,False
multi_item_capacity_0004,multi_item_capacity,Qwen3-8B_k0,0,capacity_constraint,1.0,1.0,0.71875,,1.0,False,False
multi_item_capacity_0004,multi_item_capacity,Qwen3-8B_k1,1,capacity_constraint,1.0,1.0,0.71875,,1.0,False,False
multi_item_capacity_0004,multi_item_capacity,Qwen3-8B_k2,2,capacity_constraint,1.0,1.0,0.71875,,1.0,False,False
multi_item_capacity_0004,multi_item_capacity,Qwen3-8B_k3,3,capacity_constraint,1.0,1.0,0.71875,,1.0,False,False
multi_item_capacity_0004,multi_item_capacity,Qwen3-8B_k4,4,,0.0,0.0,0.875,,1.0,True,True
multi_item_capacity_0004,multi_item_capacity,Qwen3-8B_k5,5,capacity_constraint,1.0,1.0,0.71875,,1.0,False,False
multi_item_capacity_0004,multi_item_capacity,Qwen3-8B_k6,6,capacity_constraint,1.0,1.0,0.71875,,1.0,False,False
multi_item_capacity_0004,multi_item_capacity,Qwen3-8B_k7,7,capacity_constraint,1.0,1.0,0.71875,,1.0,False,False
multi_item_capacity_0005,multi_item_capacity,Qwen3-8B_k0,0,capacity_constraint,1.0,1.0,0.71875,,1.0,True,True
multi_item_capacity_0005,multi_item_capacity,Qwen3-8B_k1,1,,0.0,0.0,0.0,,1.0,False,False
multi_item_capacity_0005,multi_item_capacity,Qwen3-8B_k2,2,,0.0,0.0,0.0,,1.0,False,False
multi_item_capacity_0005,multi_item_capacity,Qwen3-8B_k3,3,,0.0,0.0,0.0,,1.0,False,False
multi_item_capacity_0005,multi_item_capacity,Qwen3-8B_k4,4,,0.0,0.0,0.0,,1.0,False,False
multi_item_capacity_0005,multi_item_capacity,Qwen3-8B_k5,5,capacity_constraint,1.0,1.0,0.71875,,1.0,False,False
multi_item_capacity_0005,multi_item_capacity,Qwen3-8B_k6,6,,0.0,0.0,0.0,,1.0,False,False
multi_item_capacity_0005,multi_item_capacity,Qwen3-8B_k7,7,,0.0,0.0,0.0,,1.0,False,False
multi_item_capacity_0006,multi_item_capacity,Qwen3-8B_k0,0,capacity_constraint,1.0,1.0,0.71875,,1.0,False,False
multi_item_capacity_0006,multi_item_capacity,Qwen3-8B_k1,1,capacity_constraint,1.0,1.0,0.71875,,1.0,False,False
multi_item_capacity_0006,multi_item_capacity,Qwen3-8B_k2,2,capacity_constraint,1.0,1.0,0.71875,,1.0,False,False
multi_item_capacity_0006,multi_item_capacity,Qwen3-8B_k3,3,,0.0,0.0,0.8125,,1.0,True,True
multi_item_capacity_0006,multi_item_capacity,Qwen3-8B_k4,4,capacity_constraint,1.0,1.0,0.71875,,1.0,False,False
multi_item_capacity_0006,multi_item_capacity,Qwen3-8B_k5,5,capacity_constraint,1.0,1.0,0.71875,,1.0,False,False
multi_item_capacity_0006,multi_item_capacity,Qwen3-8B_k6,6,capacity_constraint,1.0,1.0,0.71875,,1.0,False,False
multi_item_capacity_0006,multi_item_capacity,Qwen3-8B_k7,7,capacity_constraint,1.0,1.0,0.71875,,1.0,False,False
multi_item_capacity_0007,multi_item_capacity,Qwen3-8B_k0,0,,0.0,0.0,0.0,,1.0,False,False
multi_item_capacity_0007,multi_item_capacity,Qwen3-8B_k1,1,,0.0,0.0,0.0,,1.0,False,False
multi_item_capacity_0007,multi_item_capacity,Qwen3-8B_k2,2,capacity_constraint,1.0,1.0,0.71875,,1.0,False,False
multi_item_capacity_0007,multi_item_capacity,Qwen3-8B_k3,3,,0.0,0.0,0.8125,,1.0,True,True
multi_item_capacity_0007,multi_item_capacity,Qwen3-8B_k4,4,capacity_constraint,1.0,1.0,0.71875,,1.0,False,False
multi_item_capacity_0007,multi_item_capacity,Qwen3-8B_k5,5,capacity_constraint,1.0,1.0,0.71875,,1.0,False,False
multi_item_capacity_0007,multi_item_capacity,Qwen3-8B_k6,6,capacity_constraint,1.0,1.0,0.71875,,1.0,False,False
multi_item_capacity_0007,multi_item_capacity,Qwen3-8B_k7,7,capacity_constraint,1.0,1.0,0.71875,,1.0,False,False
multi_item_capacity_0008,multi_item_capacity,Qwen3-8B_k0,0,capacity_constraint,1.0,1.0,0.71875,,1.0,False,False
multi_item_capacity_0008,multi_item_capacity,Qwen3-8B_k1,1,capacity_constraint,1.0,1.0,0.71875,,1.0,False,False
multi_item_capacity_0008,multi_item_capacity,Qwen3-8B_k2,2,capacity_constraint,1.0,1.0,0.71875,,1.0,False,False
multi_item_capacity_0008,multi_item_capacity,Qwen3-8B_k3,3,,0.0,0.0,0.8125,,1.0,True,True
multi_item_capacity_0008,multi_item_capacity,Qwen3-8B_k4,4,capacity_constraint,1.0,1.0,0.71875,,1.0,False,False
multi_item_capacity_0008,multi_item_capacity,Qwen3-8B_k5,5,,0.0,0.0,0.8125,,1.0,False,False
multi_item_capacity_0008,multi_item_capacity,Qwen3-8B_k6,6,capacity_constraint,1.0,1.0,0.71875,,1.0,False,False
multi_item_capacity_0008,multi_item_capacity,Qwen3-8B_k7,7,capacity_constraint,1.0,1.0,0.71875,,1.0,False,False
multi_item_capacity_0009,multi_item_capacity,Qwen3-8B_k0,0,capacity_constraint,1.0,1.0,0.71875,,1.0,False,False
multi_item_capacity_0009,multi_item_capacity,Qwen3-8B_k1,1,capacity_constraint,1.0,1.0,0.71875,,1.0,False,False
multi_item_capacity_0009,multi_item_capacity,Qwen3-8B_k2,2,capacity_constraint,1.0,1.0,0.71875,,1.0,False,False
multi_item_capacity_0009,multi_item_capacity,Qwen3-8B_k3,3,,0.0,0.0,0.8125,,1.0,True,True
multi_item_capacity_0009,multi_item_capacity,Qwen3-8B_k4,4,,0.0,0.0,0.8125,,1.0,False,False
multi_item_capacity_0009,multi_item_capacity,Qwen3-8B_k5,5,,0.0,0.0,0.8125,,1.0,False,False
multi_item_capacity_0009,multi_item_capacity,Qwen3-8B_k6,6,capacity_constraint,1.0,1.0,0.71875,,1.0,False,False
multi_item_capacity_0009,multi_item_capacity,Qwen3-8B_k7,7,,0.0,0.0,0.8125,,1.0,False,False
multi_item_capacity_0010,multi_item_capacity,Qwen3-8B_k0,0,,0.0,0.0,0.8125,,1.0,False,False
multi_item_capacity_0010,multi_item_capacity,Qwen3-8B_k1,1,,0.0,0.0,0.84375,,1.0,True,True
multi_item_capacity_0010,multi_item_capacity,Qwen3-8B_k2,2,capacity_constraint,1.0,1.0,0.71875,,1.0,False,False
multi_item_capacity_0010,multi_item_capacity,Qwen3-8B_k3,3,,0.0,0.0,0.84375,,1.0,False,False
multi_item_capacity_0010,multi_item_capacity,Qwen3-8B_k4,4,capacity_constraint,1.0,1.0,0.71875,,1.0,False,False
multi_item_capacity_0010,multi_item_capacity,Qwen3-8B_k5,5,capacity_constraint,1.0,1.0,0.71875,,1.0,False,False
multi_item_capacity_0010,multi_item_capacity,Qwen3-8B_k6,6,,0.0,0.0,0.8125,,1.0,False,False
multi_item_capacity_0010,multi_item_capacity,Qwen3-8B_k7,7,,0.0,0.0,0.8125,,1.0,False,False
multi_item_capacity_0011,multi_item_capacity,Qwen3-8B_k0,0,capacity_constraint,1.0,1.0,0.71875,,1.0,True,True
multi_item_capacity_0011,multi_item_capacity,Qwen3-8B_k1,1,,0.0,0.0,0.0,,1.0,False,False
multi_item_capacity_0011,multi_item_capacity,Qwen3-8B_k2,2,,0.0,0.0,0.0,,1.0,False,False
multi_item_capacity_0011,multi_item_capacity,Qwen3-8B_k3,3,,0.0,0.0,0.875,,1.0,False,False
multi_item_capacity_0011,multi_item_capacity,Qwen3-8B_k4,4,,0.0,0.0,0.0,,1.0,False,False
multi_item_capacity_0011,multi_item_capacity,Qwen3-8B_k5,5,,0.0,0.0,0.0,,1.0,False,False
multi_item_capacity_0011,multi_item_capacity,Qwen3-8B_k6,6,,0.0,0.0,0.0,,1.0,False,False
multi_item_capacity_0011,multi_item_capacity,Qwen3-8B_k7,7,,0.0,0.0,0.0,,1.0,False,False
multi_item_capacity_0012,multi_item_capacity,Qwen3-8B_k0,0,capacity_constraint,1.0,1.0,0.71875,,1.0,True,True
multi_item_capacity_0012,multi_item_capacity,Qwen3-8B_k1,1,capacity_constraint,1.0,1.0,0.71875,,1.0,False,False
multi_item_capacity_0012,multi_item_capacity,Qwen3-8B_k2,2,capacity_constraint,1.0,1.0,0.71875,,1.0,False,False
multi_item_capacity_0012,multi_item_capacity,Qwen3-8B_k3,3,capacity_constraint,1.0,1.0,0.71875,,1.0,False,False
multi_item_capacity_0012,multi_item_capacity,Qwen3-8B_k4,4,capacity_constraint,1.0,1.0,0.71875,,1.0,False,False
multi_item_capacity_0012,multi_item_capacity,Qwen3-8B_k5,5,capacity_constraint,1.0,1.0,0.71875,,1.0,False,False
multi_item_capacity_0012,multi_item_capacity,Qwen3-8B_k6,6,capacity_constraint,1.0,1.0,0.71875,,1.0,False,False
multi_item_capacity_0012,multi_item_capacity,Qwen3-8B_k7,7,capacity_constraint,1.0,1.0,0.71875,,1.0,False,False
multi_item_capacity_0013,multi_item_capacity,Qwen3-8B_k0,0,capacity_constraint,1.0,1.0,0.71875,,1.0,False,False
multi_item_capacity_0013,multi_item_capacity,Qwen3-8B_k1,1,,0.0,0.0,0.0,,1.0,False,False
multi_item_capacity_0013,multi_item_capacity,Qwen3-8B_k2,2,,0.0,0.0,0.0,,1.0,False,False
multi_item_capacity_0013,multi_item_capacity,Qwen3-8B_k3,3,capacity_constraint,1.0,1.0,0.71875,,1.0,False,False
multi_item_capacity_0013,multi_item_capacity,Qwen3-8B_k4,4,capacity_constraint,1.0,1.0,0.71875,,1.0,False,False
multi_item_capacity_0013,multi_item_capacity,Qwen3-8B_k5,5,,0.0,0.0,0.8125,,1.0,True,True
multi_item_capacity_0013,multi_item_capacity,Qwen3-8B_k6,6,,0.0,0.0,0.0,,1.0,False,False
multi_item_capacity_0013,multi_item_capacity,Qwen3-8B_k7,7,,0.0,0.0,0.0,,1.0,False,False
multi_item_capacity_0014,multi_item_capacity,Qwen3-8B_k0,0,capacity_constraint,1.0,1.0,0.71875,,1.0,False,False
multi_item_capacity_0014,multi_item_capacity,Qwen3-8B_k1,1,capacity_constraint,1.0,1.0,0.71875,,1.0,False,False
multi_item_capacity_0014,multi_item_capacity,Qwen3-8B_k2,2,capacity_constraint,1.0,1.0,0.71875,,1.0,False,False
multi_item_capacity_0014,multi_item_capacity,Qwen3-8B_k3,3,,0.0,0.0,0.85625,,1.0,True,True
multi_item_capacity_0014,multi_item_capacity,Qwen3-8B_k4,4,capacity_constraint,1.0,1.0,0.71875,,1.0,False,False
multi_item_capacity_0014,multi_item_capacity,Qwen3-8B_k5,5,capacity_constraint,1.0,1.0,0.71875,,1.0,False,False
multi_item_capacity_0014,multi_item_capacity,Qwen3-8B_k6,6,capacity_constraint,1.0,1.0,0.71875,,1.0,False,False
multi_item_capacity_0014,multi_item_capacity,Qwen3-8B_k7,7,capacity_constraint,1.0,1.0,0.71875,,1.0,False,False
multi_item_capacity_0015,multi_item_capacity,Qwen3-8B_k0,0,capacity_constraint,1.0,1.0,0.71875,,1.0,True,True
multi_item_capacity_0015,multi_item_capacity,Qwen3-8B_k1,1,capacity_constraint,1.0,1.0,0.71875,,1.0,False,False
multi_item_capacity_0015,multi_item_capacity,Qwen3-8B_k2,2,capacity_constraint,1.0,1.0,0.71875,,1.0,False,False
multi_item_capacity_0015,multi_item_capacity,Qwen3-8B_k3,3,,0.0,0.0,0.8125,,1.0,False,False
multi_item_capacity_0015,multi_item_capacity,Qwen3-8B_k4,4,capacity_constraint,1.0,1.0,0.71875,,1.0,False,False
multi_item_capacity_0015,multi_item_capacity,Qwen3-8B_k5,5,capacity_constraint,1.0,1.0,0.71875,,1.0,False,False
multi_item_capacity_0015,multi_item_capacity,Qwen3-8B_k6,6,capacity_constraint,1.0,1.0,0.71875,,1.0,False,False
multi_item_capacity_0015,multi_item_capacity,Qwen3-8B_k7,7,capacity_constraint,1.0,1.0,0.71875,,1.0,False,False
multi_item_capacity_0016,multi_item_capacity,Qwen3-8B_k0,0,capacity_constraint,1.0,1.0,0.71875,,1.0,True,True
multi_item_capacity_0016,multi_item_capacity,Qwen3-8B_k1,1,,0.0,0.0,0.0,,1.0,False,False
multi_item_capacity_0016,multi_item_capacity,Qwen3-8B_k2,2,capacity_constraint,1.0,1.0,0.71875,,1.0,False,False
multi_item_capacity_0016,multi_item_capacity,Qwen3-8B_k3,3,capacity_constraint,1.0,1.0,0.71875,,1.0,False,False
multi_item_capacity_0016,multi_item_capacity,Qwen3-8B_k4,4,,0.0,0.0,0.0,,1.0,False,False
multi_item_capacity_0016,multi_item_capacity,Qwen3-8B_k5,5,,0.0,0.0,0.0,,1.0,False,False
multi_item_capacity_0016,multi_item_capacity,Qwen3-8B_k6,6,,0.0,0.0,0.0,,1.0,False,False
multi_item_capacity_0016,multi_item_capacity,Qwen3-8B_k7,7,,0.0,0.0,0.0,,1.0,False,False
multi_item_capacity_0017,multi_item_capacity,Qwen3-8B_k0,0,capacity_constraint,1.0,1.0,0.71875,,1.0,False,False
multi_item_capacity_0017,multi_item_capacity,Qwen3-8B_k1,1,capacity_constraint,1.0,1.0,0.71875,,1.0,False,False
multi_item_capacity_0017,multi_item_capacity,Qwen3-8B_k2,2,capacity_constraint,1.0,1.0,0.71875,,1.0,True,True
multi_item_capacity_0017,multi_item_capacity,Qwen3-8B_k3,3,capacity_constraint,1.0,1.0,0.71875,,1.0,False,False
multi_item_capacity_0017,multi_item_capacity,Qwen3-8B_k4,4,capacity_constraint,1.0,1.0,0.71875,,1.0,False,False
multi_item_capacity_0017,multi_item_capacity,Qwen3-8B_k5,5,capacity_constraint,1.0,1.0,0.71875,,1.0,False,False
multi_item_capacity_0017,multi_item_capacity,Qwen3-8B_k6,6,capacity_constraint,1.0,1.0,0.71875,,1.0,False,False
multi_item_capacity_0017,multi_item_capacity,Qwen3-8B_k7,7,capacity_constraint,1.0,1.0,0.71875,,1.0,False,False
multi_item_capacity_0018,multi_item_capacity,Qwen3-8B_k0,0,capacity_constraint,1.0,1.0,0.71875,,1.0,True,True
multi_item_capacity_0018,multi_item_capacity,Qwen3-8B_k1,1,capacity_constraint,1.0,1.0,0.71875,,1.0,False,False
multi_item_capacity_0018,multi_item_capacity,Qwen3-8B_k2,2,capacity_constraint,1.0,1.0,0.71875,,1.0,False,False
multi_item_capacity_0018,multi_item_capacity,Qwen3-8B_k3,3,capacity_constraint,1.0,1.0,0.71875,,1.0,False,False
multi_item_capacity_0018,multi_item_capacity,Qwen3-8B_k4,4,capacity_constraint,1.0,1.0,0.71875,,1.0,False,False
multi_item_capacity_0018,multi_item_capacity,Qwen3-8B_k5,5,capacity_constraint,1.0,1.0,0.71875,,1.0,False,False
multi_item_capacity_0018,multi_item_capacity,Qwen3-8B_k6,6,capacity_constraint,1.0,1.0,0.71875,,1.0,False,False
multi_item_capacity_0018,multi_item_capacity,Qwen3-8B_k7,7,capacity_constraint,1.0,1.0,0.71875,,1.0,False,False
multi_item_capacity_0019,multi_item_capacity,Qwen3-8B_k0,0,capacity_constraint,1.0,1.0,0.71875,,1.0,False,False
multi_item_capacity_0019,multi_item_capacity,Qwen3-8B_k1,1,capacity_constraint,1.0,1.0,0.71875,,1.0,False,False
multi_item_capacity_0019,multi_item_capacity,Qwen3-8B_k2,2,capacity_constraint,1.0,1.0,0.71875,,1.0,False,False
multi_item_capacity_0019,multi_item_capacity,Qwen3-8B_k3,3,,0.0,0.0,0.8125,,1.0,True,True
multi_item_capacity_0019,multi_item_capacity,Qwen3-8B_k4,4,capacity_constraint,1.0,1.0,0.71875,,1.0,False,False
multi_item_capacity_0019,multi_item_capacity,Qwen3-8B_k5,5,capacity_constraint,1.0,1.0,0.71875,,1.0,False,False
multi_item_capacity_0019,multi_item_capacity,Qwen3-8B_k6,6,capacity_constraint,1.0,1.0,0.71875,,1.0,False,False
multi_item_capacity_0019,multi_item_capacity,Qwen3-8B_k7,7,capacity_constraint,1.0,1.0,0.71875,,1.0,False,False
fixed_order_cost_big_m_0000,fixed_order_cost_big_m,Qwen3-8B_k0,0,,0.0,0.0,0.85,,0.6666666666666666,False,False
fixed_order_cost_big_m_0000,fixed_order_cost_big_m,Qwen3-8B_k1,1,,0.0,0.0,0.875,,1.0,True,True
fixed_order_cost_big_m_0000,fixed_order_cost_big_m,Qwen3-8B_k2,2,,0.0,0.0,0.85,,0.6666666666666666,False,False
fixed_order_cost_big_m_0000,fixed_order_cost_big_m,Qwen3-8B_k3,3,,0.0,0.0,0.85,,1.0,False,False
fixed_order_cost_big_m_0000,fixed_order_cost_big_m,Qwen3-8B_k4,4,,0.0,0.0,0.85,,1.0,False,False
fixed_order_cost_big_m_0000,fixed_order_cost_big_m,Qwen3-8B_k5,5,,0.0,0.0,0.85,,0.6666666666666666,False,False
fixed_order_cost_big_m_0000,fixed_order_cost_big_m,Qwen3-8B_k6,6,,0.0,0.0,0.85,,1.0,False,False
fixed_order_cost_big_m_0000,fixed_order_cost_big_m,Qwen3-8B_k7,7,,0.0,0.0,0.85,,1.0,False,False
fixed_order_cost_big_m_0001,fixed_order_cost_big_m,Qwen3-8B_k0,0,,0.0,0.0,0.85,,1.0,False,False
fixed_order_cost_big_m_0001,fixed_order_cost_big_m,Qwen3-8B_k1,1,,0.0,0.0,0.835,,1.0,False,False
fixed_order_cost_big_m_0001,fixed_order_cost_big_m,Qwen3-8B_k2,2,,0.0,0.0,0.82,,1.0,False,False
fixed_order_cost_big_m_0001,fixed_order_cost_big_m,Qwen3-8B_k3,3,,0.0,0.0,0.86,,1.0,True,True
fixed_order_cost_big_m_0001,fixed_order_cost_big_m,Qwen3-8B_k4,4,,0.0,0.0,0.845,,1.0,False,False
fixed_order_cost_big_m_0001,fixed_order_cost_big_m,Qwen3-8B_k5,5,,0.0,0.0,0.845,,1.0,False,False
fixed_order_cost_big_m_0001,fixed_order_cost_big_m,Qwen3-8B_k6,6,,0.0,0.0,0.835,,1.0,False,False
fixed_order_cost_big_m_0001,fixed_order_cost_big_m,Qwen3-8B_k7,7,,0.0,0.0,0.85,,1.0,False,False
fixed_order_cost_big_m_0002,fixed_order_cost_big_m,Qwen3-8B_k0,0,,0.0,0.0,0.85,,1.0,False,False
fixed_order_cost_big_m_0002,fixed_order_cost_big_m,Qwen3-8B_k1,1,,0.0,0.0,0.875,,1.0,True,True
fixed_order_cost_big_m_0002,fixed_order_cost_big_m,Qwen3-8B_k2,2,,0.0,0.0,0.86,,1.0,False,False
fixed_order_cost_big_m_0002,fixed_order_cost_big_m,Qwen3-8B_k3,3,,0.0,0.0,0.86,,1.0,False,False
fixed_order_cost_big_m_0002,fixed_order_cost_big_m,Qwen3-8B_k4,4,,0.0,0.0,0.86,,1.0,False,False
fixed_order_cost_big_m_0002,fixed_order_cost_big_m,Qwen3-8B_k5,5,,0.0,0.0,0.86,,1.0,False,False
fixed_order_cost_big_m_0002,fixed_order_cost_big_m,Qwen3-8B_k6,6,,0.0,0.0,0.86,,1.0,False,False
fixed_order_cost_big_m_0002,fixed_order_cost_big_m,Qwen3-8B_k7,7,,0.0,0.0,0.86,,1.0,False,False
fixed_order_cost_big_m_0003,fixed_order_cost_big_m,Qwen3-8B_k0,0,,0.0,0.0,0.82,,1.0,False,False
fixed_order_cost_big_m_0003,fixed_order_cost_big_m,Qwen3-8B_k1,1,,0.0,0.0,0.82,,1.0,False,False
fixed_order_cost_big_m_0003,fixed_order_cost_big_m,Qwen3-8B_k2,2,,0.0,0.0,0.82,,1.0,False,False
fixed_order_cost_big_m_0003,fixed_order_cost_big_m,Qwen3-8B_k3,3,,0.0,0.0,0.875,,1.0,True,True
fixed_order_cost_big_m_0003,fixed_order_cost_big_m,Qwen3-8B_k4,4,,0.0,0.0,0.82,,1.0,False,False
fixed_order_cost_big_m_0003,fixed_order_cost_big_m,Qwen3-8B_k5,5,,0.0,0.0,0.85,,1.0,False,False
fixed_order_cost_big_m_0003,fixed_order_cost_big_m,Qwen3-8B_k6,6,,0.0,0.0,0.835,,1.0,False,False
fixed_order_cost_big_m_0003,fixed_order_cost_big_m,Qwen3-8B_k7,7,,0.0,0.0,0.875,,1.0,False,False
fixed_order_cost_big_m_0004,fixed_order_cost_big_m,Qwen3-8B_k0,0,,0.0,0.0,0.85,,1.0,False,False
fixed_order_cost_big_m_0004,fixed_order_cost_big_m,Qwen3-8B_k1,1,,0.0,0.0,0.835,,1.0,False,False
fixed_order_cost_big_m_0004,fixed_order_cost_big_m,Qwen3-8B_k2,2,,0.0,0.0,0.845,,1.0,False,False
fixed_order_cost_big_m_0004,fixed_order_cost_big_m,Qwen3-8B_k3,3,,0.0,0.0,0.875,,1.0,True,True
fixed_order_cost_big_m_0004,fixed_order_cost_big_m,Qwen3-8B_k4,4,,0.0,0.0,0.875,,1.0,False,False
fixed_order_cost_big_m_0004,fixed_order_cost_big_m,Qwen3-8B_k5,5,,0.0,0.0,0.86,,1.0,False,False
fixed_order_cost_big_m_0004,fixed_order_cost_big_m,Qwen3-8B_k6,6,,0.0,0.0,0.835,,1.0,False,False
fixed_order_cost_big_m_0004,fixed_order_cost_big_m,Qwen3-8B_k7,7,,0.0,0.0,0.85,,1.0,False,False
fixed_order_cost_big_m_0005,fixed_order_cost_big_m,Qwen3-8B_k0,0,,0.0,0.0,0.835,,1.0,False,False
fixed_order_cost_big_m_0005,fixed_order_cost_big_m,Qwen3-8B_k1,1,,0.0,0.0,0.875,,1.0,True,True
fixed_order_cost_big_m_0005,fixed_order_cost_big_m,Qwen3-8B_k2,2,,0.0,0.0,0.86,,1.0,False,False
fixed_order_cost_big_m_0005,fixed_order_cost_big_m,Qwen3-8B_k3,3,,0.0,0.0,0.86,,1.0,False,False
fixed_order_cost_big_m_0005,fixed_order_cost_big_m,Qwen3-8B_k4,4,,0.0,0.0,0.845,,1.0,False,False
fixed_order_cost_big_m_0005,fixed_order_cost_big_m,Qwen3-8B_k5,5,,0.0,0.0,0.0,,1.0,False,False
fixed_order_cost_big_m_0005,fixed_order_cost_big_m,Qwen3-8B_k6,6,,0.0,0.0,0.86,,1.0,False,False
fixed_order_cost_big_m_0005,fixed_order_cost_big_m,Qwen3-8B_k7,7,,0.0,0.0,0.86,,1.0,False,False
fixed_order_cost_big_m_0006,fixed_order_cost_big_m,Qwen3-8B_k0,0,,0.0,0.0,0.85,,0.6666666666666666,False,False
fixed_order_cost_big_m_0006,fixed_order_cost_big_m,Qwen3-8B_k1,1,,0.0,0.0,0.845,,1.0,False,False
fixed_order_cost_big_m_0006,fixed_order_cost_big_m,Qwen3-8B_k2,2,,0.0,0.0,0.86,,1.0,False,False
fixed_order_cost_big_m_0006,fixed_order_cost_big_m,Qwen3-8B_k3,3,,0.0,0.0,0.875,,1.0,True,True
fixed_order_cost_big_m_0006,fixed_order_cost_big_m,Qwen3-8B_k4,4,,0.0,0.0,0.875,,1.0,False,False
fixed_order_cost_big_m_0006,fixed_order_cost_big_m,Qwen3-8B_k5,5,,0.0,0.0,0.86,,1.0,False,False
fixed_order_cost_big_m_0006,fixed_order_cost_big_m,Qwen3-8B_k6,6,,0.0,0.0,0.875,,1.0,False,False
fixed_order_cost_big_m_0006,fixed_order_cost_big_m,Qwen3-8B_k7,7,,0.0,0.0,0.835,,1.0,False,False
fixed_order_cost_big_m_0007,fixed_order_cost_big_m,Qwen3-8B_k0,0,,0.0,0.0,0.85,,1.0,False,False
fixed_order_cost_big_m_0007,fixed_order_cost_big_m,Qwen3-8B_k1,1,,0.0,0.0,0.845,,1.0,False,False
fixed_order_cost_big_m_0007,fixed_order_cost_big_m,Qwen3-8B_k2,2,,0.0,0.0,0.85,,0.6666666666666666,False,False
fixed_order_cost_big_m_0007,fixed_order_cost_big_m,Qwen3-8B_k3,3,big_m_constraint,1.0,1.0,0.735,,1.0,False,False
fixed_order_cost_big_m_0007,fixed_order_cost_big_m,Qwen3-8B_k4,4,,0.0,0.0,0.875,,1.0,True,True
fixed_order_cost_big_m_0007,fixed_order_cost_big_m,Qwen3-8B_k5,5,,0.0,0.0,0.86,,1.0,False,False
fixed_order_cost_big_m_0007,fixed_order_cost_big_m,Qwen3-8B_k6,6,,0.0,0.0,0.85,,1.0,False,False
fixed_order_cost_big_m_0007,fixed_order_cost_big_m,Qwen3-8B_k7,7,,0.0,0.0,0.85,,1.0,False,False
fixed_order_cost_big_m_0008,fixed_order_cost_big_m,Qwen3-8B_k0,0,,0.0,0.0,0.835,,1.0,True,True
fixed_order_cost_big_m_0008,fixed_order_cost_big_m,Qwen3-8B_k1,1,,0.0,0.0,0.835,,1.0,False,False
fixed_order_cost_big_m_0008,fixed_order_cost_big_m,Qwen3-8B_k2,2,,0.0,0.0,0.82,,1.0,False,False
fixed_order_cost_big_m_0008,fixed_order_cost_big_m,Qwen3-8B_k3,3,,0.0,0.0,0.835,,1.0,False,False
fixed_order_cost_big_m_0008,fixed_order_cost_big_m,Qwen3-8B_k4,4,,0.0,0.0,0.82,,1.0,False,False
fixed_order_cost_big_m_0008,fixed_order_cost_big_m,Qwen3-8B_k5,5,,0.0,0.0,0.835,,1.0,False,False
fixed_order_cost_big_m_0008,fixed_order_cost_big_m,Qwen3-8B_k6,6,,0.0,0.0,0.82,,1.0,False,False
fixed_order_cost_big_m_0008,fixed_order_cost_big_m,Qwen3-8B_k7,7,,0.0,0.0,0.82,,1.0,False,False
fixed_order_cost_big_m_0009,fixed_order_cost_big_m,Qwen3-8B_k0,0,,0.0,0.0,0.85,,1.0,False,False
fixed_order_cost_big_m_0009,fixed_order_cost_big_m,Qwen3-8B_k1,1,,0.0,0.0,0.85,,1.0,False,False
fixed_order_cost_big_m_0009,fixed_order_cost_big_m,Qwen3-8B_k2,2,,0.0,0.0,0.82,,1.0,False,False
fixed_order_cost_big_m_0009,fixed_order_cost_big_m,Qwen3-8B_k3,3,,0.0,0.0,0.85,,1.0,False,False
fixed_order_cost_big_m_0009,fixed_order_cost_big_m,Qwen3-8B_k4,4,,0.0,0.0,0.835,,1.0,False,False
fixed_order_cost_big_m_0009,fixed_order_cost_big_m,Qwen3-8B_k5,5,,0.0,0.0,0.835,,1.0,False,False
fixed_order_cost_big_m_0009,fixed_order_cost_big_m,Qwen3-8B_k6,6,,0.0,0.0,0.86,,1.0,True,True
fixed_order_cost_big_m_0009,fixed_order_cost_big_m,Qwen3-8B_k7,7,,0.0,0.0,0.85,,1.0,False,False
fixed_order_cost_big_m_0010,fixed_order_cost_big_m,Qwen3-8B_k0,0,,0.0,0.0,0.0,,1.0,False,False
fixed_order_cost_big_m_0010,fixed_order_cost_big_m,Qwen3-8B_k1,1,,0.0,0.0,0.82,,1.0,False,False
fixed_order_cost_big_m_0010,fixed_order_cost_big_m,Qwen3-8B_k2,2,,0.0,0.0,0.82,,1.0,False,False
fixed_order_cost_big_m_0010,fixed_order_cost_big_m,Qwen3-8B_k3,3,,0.0,0.0,0.875,,1.0,True,True
fixed_order_cost_big_m_0010,fixed_order_cost_big_m,Qwen3-8B_k4,4,,0.0,0.0,0.82,,1.0,False,False
fixed_order_cost_big_m_0010,fixed_order_cost_big_m,Qwen3-8B_k5,5,,0.0,0.0,0.835,,1.0,False,False
fixed_order_cost_big_m_0010,fixed_order_cost_big_m,Qwen3-8B_k6,6,,0.0,0.0,0.835,,1.0,False,False
fixed_order_cost_big_m_0010,fixed_order_cost_big_m,Qwen3-8B_k7,7,,0.0,0.0,0.82,,1.0,False,False
fixed_order_cost_big_m_0011,fixed_order_cost_big_m,Qwen3-8B_k0,0,,0.0,0.0,0.875,,0.6666666666666666,False,True
fixed_order_cost_big_m_0011,fixed_order_cost_big_m,Qwen3-8B_k1,1,,0.0,0.0,0.875,,1.0,True,False
fixed_order_cost_big_m_0011,fixed_order_cost_big_m,Qwen3-8B_k2,2,,0.0,0.0,0.82,,1.0,False,False
fixed_order_cost_big_m_0011,fixed_order_cost_big_m,Qwen3-8B_k3,3,,0.0,0.0,0.875,,1.0,False,False
fixed_order_cost_big_m_0011,fixed_order_cost_big_m,Qwen3-8B_k4,4,,0.0,0.0,0.85,,0.6666666666666666,False,False
fixed_order_cost_big_m_0011,fixed_order_cost_big_m,Qwen3-8B_k5,5,,0.0,0.0,0.875,,1.0,False,False
fixed_order_cost_big_m_0011,fixed_order_cost_big_m,Qwen3-8B_k6,6,,0.0,0.0,0.875,,1.0,False,False
fixed_order_cost_big_m_0011,fixed_order_cost_big_m,Qwen3-8B_k7,7,,0.0,0.0,0.875,,1.0,False,False
fixed_order_cost_big_m_0012,fixed_order_cost_big_m,Qwen3-8B_k0,0,,0.0,0.0,0.845,,0.6666666666666666,False,False
fixed_order_cost_big_m_0012,fixed_order_cost_big_m,Qwen3-8B_k1,1,,0.0,0.0,0.875,,1.0,True,True
fixed_order_cost_big_m_0012,fixed_order_cost_big_m,Qwen3-8B_k2,2,,0.0,0.0,0.845,,1.0,False,False
fixed_order_cost_big_m_0012,fixed_order_cost_big_m,Qwen3-8B_k3,3,,0.0,0.0,0.875,,1.0,False,False
fixed_order_cost_big_m_0012,fixed_order_cost_big_m,Qwen3-8B_k4,4,,0.0,0.0,0.875,,0.6666666666666666,False,False
fixed_order_cost_big_m_0012,fixed_order_cost_big_m,Qwen3-8B_k5,5,,0.0,0.0,0.875,,1.0,False,False
fixed_order_cost_big_m_0012,fixed_order_cost_big_m,Qwen3-8B_k6,6,,0.0,0.0,0.875,,1.0,False,False
fixed_order_cost_big_m_0012,fixed_order_cost_big_m,Qwen3-8B_k7,7,,0.0,0.0,0.845,,1.0,False,False
fixed_order_cost_big_m_0013,fixed_order_cost_big_m,Qwen3-8B_k0,0,,0.0,0.0,0.845,,0.6666666666666666,False,False
fixed_order_cost_big_m_0013,fixed_order_cost_big_m,Qwen3-8B_k1,1,,0.0,0.0,0.875,,0.6666666666666666,False,True
fixed_order_cost_big_m_0013,fixed_order_cost_big_m,Qwen3-8B_k2,2,,0.0,0.0,0.845,,1.0,False,False
fixed_order_cost_big_m_0013,fixed_order_cost_big_m,Qwen3-8B_k3,3,,0.0,0.0,0.875,,1.0,True,False
fixed_order_cost_big_m_0013,fixed_order_cost_big_m,Qwen3-8B_k4,4,,0.0,0.0,0.845,,0.6666666666666666,False,False
fixed_order_cost_big_m_0013,fixed_order_cost_big_m,Qwen3-8B_k5,5,,0.0,0.0,0.875,,1.0,False,False
fixed_order_cost_big_m_0013,fixed_order_cost_big_m,Qwen3-8B_k6,6,,0.0,0.0,0.875,,1.0,False,False
fixed_order_cost_big_m_0013,fixed_order_cost_big_m,Qwen3-8B_k7,7,,0.0,0.0,0.875,,1.0,False,False
fixed_order_cost_big_m_0014,fixed_order_cost_big_m,Qwen3-8B_k0,0,,0.0,0.0,0.845,,0.6666666666666666,False,False
fixed_order_cost_big_m_0014,fixed_order_cost_big_m,Qwen3-8B_k1,1,,0.0,0.0,0.875,,1.0,True,True
fixed_order_cost_big_m_0014,fixed_order_cost_big_m,Qwen3-8B_k2,2,,0.0,0.0,0.845,,1.0,False,False
fixed_order_cost_big_m_0014,fixed_order_cost_big_m,Qwen3-8B_k3,3,,0.0,0.0,0.875,,1.0,False,False
fixed_order_cost_big_m_0014,fixed_order_cost_big_m,Qwen3-8B_k4,4,,0.0,0.0,0.875,,1.0,False,False
fixed_order_cost_big_m_0014,fixed_order_cost_big_m,Qwen3-8B_k5,5,,0.0,0.0,0.875,,1.0,False,False
fixed_order_cost_big_m_0014,fixed_order_cost_big_m,Qwen3-8B_k6,6,,0.0,0.0,0.875,,1.0,False,False
fixed_order_cost_big_m_0014,fixed_order_cost_big_m,Qwen3-8B_k7,7,,0.0,0.0,0.875,,1.0,False,False
fixed_order_cost_big_m_0015,fixed_order_cost_big_m,Qwen3-8B_k0,0,,0.0,0.0,0.85,,1.0,False,False
fixed_order_cost_big_m_0015,fixed_order_cost_big_m,Qwen3-8B_k1,1,,0.0,0.0,0.875,,1.0,True,True
fixed_order_cost_big_m_0015,fixed_order_cost_big_m,Qwen3-8B_k2,2,,0.0,0.0,0.875,,1.0,False,False
fixed_order_cost_big_m_0015,fixed_order_cost_big_m,Qwen3-8B_k3,3,,0.0,0.0,0.875,,1.0,False,False
fixed_order_cost_big_m_0015,fixed_order_cost_big_m,Qwen3-8B_k4,4,,0.0,0.0,0.845,,1.0,False,False
fixed_order_cost_big_m_0015,fixed_order_cost_big_m,Qwen3-8B_k5,5,,0.0,0.0,0.835,,1.0,False,False
fixed_order_cost_big_m_0015,fixed_order_cost_big_m,Qwen3-8B_k6,6,,0.0,0.0,0.835,,1.0,False,False
fixed_order_cost_big_m_0015,fixed_order_cost_big_m,Qwen3-8B_k7,7,,0.0,0.0,0.845,,1.0,False,False
fixed_order_cost_big_m_0016,fixed_order_cost_big_m,Qwen3-8B_k0,0,,0.0,0.0,0.82,,1.0,False,False
fixed_order_cost_big_m_0016,fixed_order_cost_big_m,Qwen3-8B_k1,1,,0.0,0.0,0.835,,1.0,False,False
fixed_order_cost_big_m_0016,fixed_order_cost_big_m,Qwen3-8B_k2,2,,0.0,0.0,0.82,,1.0,False,False
fixed_order_cost_big_m_0016,fixed_order_cost_big_m,Qwen3-8B_k3,3,,0.0,0.0,0.845,,1.0,False,False
fixed_order_cost_big_m_0016,fixed_order_cost_big_m,Qwen3-8B_k4,4,,0.0,0.0,0.85,,1.0,False,False
fixed_order_cost_big_m_0016,fixed_order_cost_big_m,Qwen3-8B_k5,5,,0.0,0.0,0.835,,1.0,False,False
fixed_order_cost_big_m_0016,fixed_order_cost_big_m,Qwen3-8B_k6,6,,0.0,0.0,0.86,,1.0,True,True
fixed_order_cost_big_m_0016,fixed_order_cost_big_m,Qwen3-8B_k7,7,,0.0,0.0,0.82,,1.0,False,False
fixed_order_cost_big_m_0017,fixed_order_cost_big_m,Qwen3-8B_k0,0,,0.0,0.0,0.875,,0.6666666666666666,False,True
fixed_order_cost_big_m_0017,fixed_order_cost_big_m,Qwen3-8B_k1,1,,0.0,0.0,0.875,,1.0,True,False
fixed_order_cost_big_m_0017,fixed_order_cost_big_m,Qwen3-8B_k2,2,,0.0,0.0,0.86,,1.0,False,False
fixed_order_cost_big_m_0017,fixed_order_cost_big_m,Qwen3-8B_k3,3,,0.0,0.0,0.85,,1.0,False,False
fixed_order_cost_big_m_0017,fixed_order_cost_big_m,Qwen3-8B_k4,4,,0.0,0.0,0.845,,1.0,False,False
fixed_order_cost_big_m_0017,fixed_order_cost_big_m,Qwen3-8B_k5,5,,0.0,0.0,0.875,,1.0,False,False
fixed_order_cost_big_m_0017,fixed_order_cost_big_m,Qwen3-8B_k6,6,,0.0,0.0,0.875,,1.0,False,False
fixed_order_cost_big_m_0017,fixed_order_cost_big_m,Qwen3-8B_k7,7,,0.0,0.0,0.86,,1.0,False,False
fixed_order_cost_big_m_0018,fixed_order_cost_big_m,Qwen3-8B_k0,0,,0.0,0.0,0.875,,0.6666666666666666,False,True
fixed_order_cost_big_m_0018,fixed_order_cost_big_m,Qwen3-8B_k1,1,,0.0,0.0,0.875,,1.0,True,False
fixed_order_cost_big_m_0018,fixed_order_cost_big_m,Qwen3-8B_k2,2,,0.0,0.0,0.845,,1.0,False,False
fixed_order_cost_big_m_0018,fixed_order_cost_big_m,Qwen3-8B_k3,3,,0.0,0.0,0.875,,1.0,False,False
fixed_order_cost_big_m_0018,fixed_order_cost_big_m,Qwen3-8B_k4,4,,0.0,0.0,0.845,,1.0,False,False
fixed_order_cost_big_m_0018,fixed_order_cost_big_m,Qwen3-8B_k5,5,,0.0,0.0,0.875,,1.0,False,False
fixed_order_cost_big_m_0018,fixed_order_cost_big_m,Qwen3-8B_k6,6,,0.0,0.0,0.875,,1.0,False,False
fixed_order_cost_big_m_0018,fixed_order_cost_big_m,Qwen3-8B_k7,7,,0.0,0.0,0.875,,1.0,False,False
fixed_order_cost_big_m_0019,fixed_order_cost_big_m,Qwen3-8B_k0,0,,0.0,0.0,0.85,,1.0,False,False
fixed_order_cost_big_m_0019,fixed_order_cost_big_m,Qwen3-8B_k1,1,,0.0,0.0,0.875,,1.0,True,True
fixed_order_cost_big_m_0019,fixed_order_cost_big_m,Qwen3-8B_k2,2,,0.0,0.0,0.82,,1.0,False,False
fixed_order_cost_big_m_0019,fixed_order_cost_big_m,Qwen3-8B_k3,3,,0.0,0.0,0.875,,1.0,False,False
fixed_order_cost_big_m_0019,fixed_order_cost_big_m,Qwen3-8B_k4,4,,0.0,0.0,0.86,,1.0,False,False
fixed_order_cost_big_m_0019,fixed_order_cost_big_m,Qwen3-8B_k5,5,,0.0,0.0,0.85,,1.0,False,False
fixed_order_cost_big_m_0019,fixed_order_cost_big_m,Qwen3-8B_k6,6,,0.0,0.0,0.835,,1.0,False,False
fixed_order_cost_big_m_0019,fixed_order_cost_big_m,Qwen3-8B_k7,7,,0.0,0.0,0.845,,1.0,False,False
