problem_id,candidate_id,candidate_rank,solver_ok,objective_value,objective_cluster_id,objective_cluster_size,objective_consensus_score,objective_density_score,objective_cluster_median,distance_to_cluster_median,selected_by_full,selected_by_structure_only,selected_by_fullv2,selected_by_bestofk
single_period_newsvendor_0000,Qwen3-8B_k0,0,True,111.0,0,8,1.0,1.0,111.0,0.0,True,True,True,False
single_period_newsvendor_0000,Qwen3-8B_k1,1,True,111.0,0,8,1.0,1.0,111.0,0.0,False,False,False,True
single_period_newsvendor_0000,Qwen3-8B_k2,2,True,111.0,0,8,1.0,1.0,111.0,0.0,False,False,False,False
single_period_newsvendor_0000,Qwen3-8B_k3,3,True,111.0,0,8,1.0,1.0,111.0,0.0,False,False,False,False
single_period_newsvendor_0000,Qwen3-8B_k4,4,True,111.0,0,8,1.0,1.0,111.0,0.0,False,False,False,False
single_period_newsvendor_0000,Qwen3-8B_k5,5,True,111.0,0,8,1.0,1.0,111.0,0.0,False,False,False,False
single_period_newsvendor_0000,Qwen3-8B_k6,6,True,111.0,0,8,1.0,1.0,111.0,0.0,False,False,False,False
single_period_newsvendor_0000,Qwen3-8B_k7,7,True,111.0,0,8,1.0,1.0,111.0,0.0,False,False,False,False
single_period_newsvendor_0001,Qwen3-8B_k0,0,True,122.0,0,8,1.0,1.0,122.0,0.0,True,True,True,False
single_period_newsvendor_0001,Qwen3-8B_k1,1,True,122.0,0,8,1.0,1.0,122.0,0.0,False,False,False,False
single_period_newsvendor_0001,Qwen3-8B_k2,2,True,122.0,0,8,1.0,1.0,122.0,0.0,False,False,False,False
single_period_newsvendor_0001,Qwen3-8B_k3,3,True,122.0,0,8,1.0,1.0,122.0,0.0,False,False,False,True
single_period_newsvendor_0001,Qwen3-8B_k4,4,True,122.0,0,8,1.0,1.0,122.0,0.0,False,False,False,False
single_period_newsvendor_0001,Qwen3-8B_k5,5,True,122.0,0,8,1.0,1.0,122.0,0.0,False,False,False,False
single_period_newsvendor_0001,Qwen3-8B_k6,6,True,122.0,0,8,1.0,1.0,122.0,0.0,False,False,False,False
single_period_newsvendor_0001,Qwen3-8B_k7,7,True,122.0,0,8,1.0,1.0,122.0,0.0,False,False,False,False
single_period_newsvendor_0002,Qwen3-8B_k0,0,False,,,0,0.0,0.0,,,False,False,False,False
single_period_newsvendor_0002,Qwen3-8B_k1,1,True,580.0,0,5,1.0,1.0,580.0,0.0,False,False,False,False
single_period_newsvendor_0002,Qwen3-8B_k2,2,True,580.0,0,5,1.0,1.0,580.0,0.0,False,False,False,False
single_period_newsvendor_0002,Qwen3-8B_k3,3,True,580.0,0,5,1.0,1.0,580.0,0.0,False,False,False,True
single_period_newsvendor_0002,Qwen3-8B_k4,4,False,,,0,0.0,0.0,,,False,False,False,False
single_period_newsvendor_0002,Qwen3-8B_k5,5,True,580.0,0,5,1.0,1.0,580.0,0.0,False,False,False,False
single_period_newsvendor_0002,Qwen3-8B_k6,6,True,580.0,0,5,1.0,1.0,580.0,0.0,True,True,True,False
single_period_newsvendor_0002,Qwen3-8B_k7,7,False,1508.0,,0,0.0,0.0,,,False,False,False,False
single_period_newsvendor_0003,Qwen3-8B_k0,0,False,420.0,,0,0.0,0.0,,,True,True,True,True
single_period_newsvendor_0003,Qwen3-8B_k1,1,False,,,0,0.0,0.0,,,False,False,False,False
single_period_newsvendor_0003,Qwen3-8B_k2,2,False,,,0,0.0,0.0,,,False,False,False,False
single_period_newsvendor_0003,Qwen3-8B_k3,3,False,420.0,,0,0.0,0.0,,,False,False,False,False
single_period_newsvendor_0003,Qwen3-8B_k4,4,False,,,0,0.0,0.0,,,False,False,False,False
single_period_newsvendor_0003,Qwen3-8B_k5,5,False,,,0,0.0,0.0,,,False,False,False,False
single_period_newsvendor_0003,Qwen3-8B_k6,6,False,420.0,,0,0.0,0.0,,,False,False,False,False
single_period_newsvendor_0003,Qwen3-8B_k7,7,False,420.0,,0,0.0,0.0,,,False,False,False,False
single_period_newsvendor_0004,Qwen3-8B_k0,0,False,,,0,0.0,0.0,,,False,False,False,False
single_period_newsvendor_0004,Qwen3-8B_k1,1,False,,,0,0.0,0.0,,,False,False,False,False
single_period_newsvendor_0004,Qwen3-8B_k2,2,False,,,0,0.0,0.0,,,False,False,False,False
single_period_newsvendor_0004,Qwen3-8B_k3,3,False,684.0,,0,0.0,0.0,,,True,True,True,True
single_period_newsvendor_0004,Qwen3-8B_k4,4,False,,,0,0.0,0.0,,,False,False,False,False
single_period_newsvendor_0004,Qwen3-8B_k5,5,False,,,0,0.0,0.0,,,False,False,False,False
single_period_newsvendor_0004,Qwen3-8B_k6,6,False,,,0,0.0,0.0,,,False,False,False,False
single_period_newsvendor_0004,Qwen3-8B_k7,7,False,,,0,0.0,0.0,,,False,False,False,False
single_period_newsvendor_0005,Qwen3-8B_k0,0,False,,,0,0.0,0.0,,,False,False,False,False
single_period_newsvendor_0005,Qwen3-8B_k1,1,False,,,0,0.0,0.0,,,False,False,False,False
single_period_newsvendor_0005,Qwen3-8B_k2,2,False,,,0,0.0,0.0,,,False,False,False,False
single_period_newsvendor_0005,Qwen3-8B_k3,3,True,220.0,0,1,1.0,1.0,220.0,0.0,True,True,True,True
single_period_newsvendor_0005,Qwen3-8B_k4,4,False,,,0,0.0,0.0,,,False,False,False,False
single_period_newsvendor_0005,Qwen3-8B_k5,5,False,,,0,0.0,0.0,,,False,False,False,False
single_period_newsvendor_0005,Qwen3-8B_k6,6,False,,,0,0.0,0.0,,,False,False,False,False
single_period_newsvendor_0005,Qwen3-8B_k7,7,False,,,0,0.0,0.0,,,False,False,False,False
single_period_newsvendor_0006,Qwen3-8B_k0,0,True,435.0,0,7,1.0,1.0,435.0,0.0,True,True,True,False
single_period_newsvendor_0006,Qwen3-8B_k1,1,True,435.0,0,7,1.0,1.0,435.0,0.0,False,False,False,False
single_period_newsvendor_0006,Qwen3-8B_k2,2,True,435.0,0,7,1.0,1.0,435.0,0.0,False,False,False,False
single_period_newsvendor_0006,Qwen3-8B_k3,3,False,,,0,0.0,0.0,,,False,False,False,False
single_period_newsvendor_0006,Qwen3-8B_k4,4,True,435.0,0,7,1.0,1.0,435.0,0.0,False,False,False,False
single_period_newsvendor_0006,Qwen3-8B_k5,5,True,435.0,0,7,1.0,1.0,435.0,0.0,False,False,False,False
single_period_newsvendor_0006,Qwen3-8B_k6,6,True,435.0,0,7,1.0,1.0,435.0,0.0,False,False,False,False
single_period_newsvendor_0006,Qwen3-8B_k7,7,True,435.0,0,7,1.0,1.0,435.0,0.0,False,False,False,True
single_period_newsvendor_0007,Qwen3-8B_k0,0,True,200.0,0,8,1.0,1.0,200.0,0.0,True,True,True,False
single_period_newsvendor_0007,Qwen3-8B_k1,1,True,200.0,0,8,1.0,1.0,200.0,0.0,False,False,False,False
single_period_newsvendor_0007,Qwen3-8B_k2,2,True,200.0,0,8,1.0,1.0,200.0,0.0,False,False,False,False
single_period_newsvendor_0007,Qwen3-8B_k3,3,True,200.0,0,8,1.0,1.0,200.0,0.0,False,False,False,False
single_period_newsvendor_0007,Qwen3-8B_k4,4,True,200.0,0,8,1.0,1.0,200.0,0.0,False,False,False,True
single_period_newsvendor_0007,Qwen3-8B_k5,5,True,200.0,0,8,1.0,1.0,200.0,0.0,False,False,False,False
single_period_newsvendor_0007,Qwen3-8B_k6,6,True,200.0,0,8,1.0,1.0,200.0,0.0,False,False,False,False
single_period_newsvendor_0007,Qwen3-8B_k7,7,True,200.0,0,8,1.0,1.0,200.0,0.0,False,False,False,False
single_period_newsvendor_0008,Qwen3-8B_k0,0,True,98.0,0,8,1.0,1.0,98.0,0.0,False,False,False,False
single_period_newsvendor_0008,Qwen3-8B_k1,1,True,98.0,0,8,1.0,1.0,98.0,0.0,False,False,False,False
single_period_newsvendor_0008,Qwen3-8B_k2,2,True,98.0,0,8,1.0,1.0,98.0,0.0,True,True,True,True
single_period_newsvendor_0008,Qwen3-8B_k3,3,True,98.0,0,8,1.0,1.0,98.0,0.0,False,False,False,False
single_period_newsvendor_0008,Qwen3-8B_k4,4,True,98.0,0,8,1.0,1.0,98.0,0.0,False,False,False,False
single_period_newsvendor_0008,Qwen3-8B_k5,5,True,98.0,0,8,1.0,1.0,98.0,0.0,False,False,False,False
single_period_newsvendor_0008,Qwen3-8B_k6,6,True,98.0,0,8,1.0,1.0,98.0,0.0,False,False,False,False
single_period_newsvendor_0008,Qwen3-8B_k7,7,True,98.0,0,8,1.0,1.0,98.0,0.0,False,False,False,False
single_period_newsvendor_0009,Qwen3-8B_k0,0,True,164.0,0,8,1.0,1.0,164.0,0.0,True,True,True,True
single_period_newsvendor_0009,Qwen3-8B_k1,1,True,164.0,0,8,1.0,1.0,164.0,0.0,False,False,False,False
single_period_newsvendor_0009,Qwen3-8B_k2,2,True,164.0,0,8,1.0,1.0,164.0,0.0,False,False,False,False
single_period_newsvendor_0009,Qwen3-8B_k3,3,True,164.0,0,8,1.0,1.0,164.0,0.0,False,False,False,False
single_period_newsvendor_0009,Qwen3-8B_k4,4,True,164.0,0,8,1.0,1.0,164.0,0.0,False,False,False,False
single_period_newsvendor_0009,Qwen3-8B_k5,5,True,164.0,0,8,1.0,1.0,164.0,0.0,False,False,False,False
single_period_newsvendor_0009,Qwen3-8B_k6,6,True,164.0,0,8,1.0,1.0,164.0,0.0,False,False,False,False
single_period_newsvendor_0009,Qwen3-8B_k7,7,True,164.0,0,8,1.0,1.0,164.0,0.0,False,False,False,False
single_period_newsvendor_0010,Qwen3-8B_k0,0,True,370.0,0,7,1.0,1.0,370.0,0.0,True,True,True,False
single_period_newsvendor_0010,Qwen3-8B_k1,1,True,370.0,0,7,1.0,1.0,370.0,0.0,False,False,False,False
single_period_newsvendor_0010,Qwen3-8B_k2,2,True,370.0,0,7,1.0,1.0,370.0,0.0,False,False,False,False
single_period_newsvendor_0010,Qwen3-8B_k3,3,False,,,0,0.0,0.0,,,False,False,False,False
single_period_newsvendor_0010,Qwen3-8B_k4,4,True,370.0,0,7,1.0,1.0,370.0,0.0,False,False,False,True
single_period_newsvendor_0010,Qwen3-8B_k5,5,True,370.0,0,7,1.0,1.0,370.0,0.0,False,False,False,False
single_period_newsvendor_0010,Qwen3-8B_k6,6,True,370.0,0,7,1.0,1.0,370.0,0.0,False,False,False,False
single_period_newsvendor_0010,Qwen3-8B_k7,7,True,370.0,0,7,1.0,1.0,370.0,0.0,False,False,False,False
single_period_newsvendor_0011,Qwen3-8B_k0,0,True,440.0,0,8,1.0,1.0,440.0,0.0,True,True,True,False
single_period_newsvendor_0011,Qwen3-8B_k1,1,True,440.0,0,8,1.0,1.0,440.0,0.0,False,False,False,False
single_period_newsvendor_0011,Qwen3-8B_k2,2,True,440.0,0,8,1.0,1.0,440.0,0.0,False,False,False,False
single_period_newsvendor_0011,Qwen3-8B_k3,3,True,440.0,0,8,1.0,1.0,440.0,0.0,False,False,False,False
single_period_newsvendor_0011,Qwen3-8B_k4,4,True,440.0,0,8,1.0,1.0,440.0,0.0,False,False,False,False
single_period_newsvendor_0011,Qwen3-8B_k5,5,True,440.0,0,8,1.0,1.0,440.0,0.0,False,False,False,False
single_period_newsvendor_0011,Qwen3-8B_k6,6,True,440.0,0,8,1.0,1.0,440.0,0.0,False,False,False,False
single_period_newsvendor_0011,Qwen3-8B_k7,7,True,440.0,0,8,1.0,1.0,440.0,0.0,False,False,False,True
single_period_newsvendor_0012,Qwen3-8B_k0,0,False,,,0,0.0,0.0,,,True,True,True,True
single_period_newsvendor_0012,Qwen3-8B_k1,1,False,,,0,0.0,0.0,,,False,False,False,False
single_period_newsvendor_0012,Qwen3-8B_k2,2,False,,,0,0.0,0.0,,,False,False,False,False
single_period_newsvendor_0012,Qwen3-8B_k3,3,False,,,0,0.0,0.0,,,False,False,False,False
single_period_newsvendor_0012,Qwen3-8B_k4,4,False,,,0,0.0,0.0,,,False,False,False,False
single_period_newsvendor_0012,Qwen3-8B_k5,5,False,,,0,0.0,0.0,,,False,False,False,False
single_period_newsvendor_0012,Qwen3-8B_k6,6,False,,,0,0.0,0.0,,,False,False,False,False
single_period_newsvendor_0012,Qwen3-8B_k7,7,False,,,0,0.0,0.0,,,False,False,False,False
single_period_newsvendor_0013,Qwen3-8B_k0,0,False,,,0,0.0,0.0,,,True,True,True,True
single_period_newsvendor_0013,Qwen3-8B_k1,1,False,,,0,0.0,0.0,,,False,False,False,False
single_period_newsvendor_0013,Qwen3-8B_k2,2,False,,,0,0.0,0.0,,,False,False,False,False
single_period_newsvendor_0013,Qwen3-8B_k3,3,False,,,0,0.0,0.0,,,False,False,False,False
single_period_newsvendor_0013,Qwen3-8B_k4,4,False,,,0,0.0,0.0,,,False,False,False,False
single_period_newsvendor_0013,Qwen3-8B_k5,5,False,,,0,0.0,0.0,,,False,False,False,False
single_period_newsvendor_0013,Qwen3-8B_k6,6,False,,,0,0.0,0.0,,,False,False,False,False
single_period_newsvendor_0013,Qwen3-8B_k7,7,False,,,0,0.0,0.0,,,False,False,False,False
single_period_newsvendor_0014,Qwen3-8B_k0,0,True,70.0,0,8,1.0,1.0,70.0,0.0,True,True,True,False
single_period_newsvendor_0014,Qwen3-8B_k1,1,True,70.0,0,8,1.0,1.0,70.0,0.0,False,False,False,False
single_period_newsvendor_0014,Qwen3-8B_k2,2,True,70.0,0,8,1.0,1.0,70.0,0.0,False,False,False,False
single_period_newsvendor_0014,Qwen3-8B_k3,3,True,70.0,0,8,1.0,1.0,70.0,0.0,False,False,False,False
single_period_newsvendor_0014,Qwen3-8B_k4,4,True,70.0,0,8,1.0,1.0,70.0,0.0,False,False,False,False
single_period_newsvendor_0014,Qwen3-8B_k5,5,True,70.0,0,8,1.0,1.0,70.0,0.0,False,False,False,False
single_period_newsvendor_0014,Qwen3-8B_k6,6,True,70.0,0,8,1.0,1.0,70.0,0.0,False,False,False,True
single_period_newsvendor_0014,Qwen3-8B_k7,7,True,70.0,0,8,1.0,1.0,70.0,0.0,False,False,False,False
single_period_newsvendor_0015,Qwen3-8B_k0,0,False,,,0,0.0,0.0,,,True,True,True,True
single_period_newsvendor_0015,Qwen3-8B_k1,1,False,,,0,0.0,0.0,,,False,False,False,False
single_period_newsvendor_0015,Qwen3-8B_k2,2,False,,,0,0.0,0.0,,,False,False,False,False
single_period_newsvendor_0015,Qwen3-8B_k3,3,False,,,0,0.0,0.0,,,False,False,False,False
single_period_newsvendor_0015,Qwen3-8B_k4,4,False,,,0,0.0,0.0,,,False,False,False,False
single_period_newsvendor_0015,Qwen3-8B_k5,5,False,,,0,0.0,0.0,,,False,False,False,False
single_period_newsvendor_0015,Qwen3-8B_k6,6,False,,,0,0.0,0.0,,,False,False,False,False
single_period_newsvendor_0015,Qwen3-8B_k7,7,False,,,0,0.0,0.0,,,False,False,False,False
single_period_newsvendor_0016,Qwen3-8B_k0,0,True,176.0,0,5,0.625,1.0,176.0,0.0,False,False,False,False
single_period_newsvendor_0016,Qwen3-8B_k1,1,True,176.0,0,5,0.625,1.0,176.0,0.0,False,False,False,False
single_period_newsvendor_0016,Qwen3-8B_k2,2,True,176.0,0,5,0.625,1.0,176.0,0.0,False,False,False,False
single_period_newsvendor_0016,Qwen3-8B_k3,3,True,176.0,0,5,0.625,1.0,176.0,0.0,False,False,False,False
single_period_newsvendor_0016,Qwen3-8B_k4,4,True,440.0,2,2,0.25,1.0,440.0,0.0,False,False,False,False
single_period_newsvendor_0016,Qwen3-8B_k5,5,True,440.0,2,2,0.25,1.0,440.0,0.0,False,False,False,False
single_period_newsvendor_0016,Qwen3-8B_k6,6,True,176.0,0,5,0.625,1.0,176.0,0.0,False,False,False,False
single_period_newsvendor_0016,Qwen3-8B_k7,7,True,264.0,1,1,0.125,0.6666666666666667,264.0,0.0,True,True,True,True
single_period_newsvendor_0017,Qwen3-8B_k0,0,False,,,0,0.0,0.0,,,False,False,False,False
single_period_newsvendor_0017,Qwen3-8B_k1,1,False,,,0,0.0,0.0,,,False,False,False,False
single_period_newsvendor_0017,Qwen3-8B_k2,2,False,,,0,0.0,0.0,,,False,False,False,False
single_period_newsvendor_0017,Qwen3-8B_k3,3,False,900.0,,0,0.0,0.0,,,False,False,False,False
single_period_newsvendor_0017,Qwen3-8B_k4,4,False,,,0,0.0,0.0,,,False,False,False,False
single_period_newsvendor_0017,Qwen3-8B_k5,5,False,,,0,0.0,0.0,,,False,False,False,False
single_period_newsvendor_0017,Qwen3-8B_k6,6,True,150.0,0,1,1.0,1.0,150.0,0.0,True,True,True,True
single_period_newsvendor_0017,Qwen3-8B_k7,7,False,,,0,0.0,0.0,,,False,False,False,False
single_period_newsvendor_0018,Qwen3-8B_k0,0,True,112.0,0,6,0.75,1.0,112.0,0.0,False,False,False,False
single_period_newsvendor_0018,Qwen3-8B_k1,1,True,112.0,0,6,0.75,1.0,112.0,0.0,False,False,False,False
single_period_newsvendor_0018,Qwen3-8B_k2,2,True,224.0,1,2,0.25,1.0,224.0,0.0,False,False,False,False
single_period_newsvendor_0018,Qwen3-8B_k3,3,True,112.0,0,6,0.75,1.0,112.0,0.0,True,True,True,False
single_period_newsvendor_0018,Qwen3-8B_k4,4,True,224.0,1,2,0.25,1.0,224.0,0.0,False,False,False,False
single_period_newsvendor_0018,Qwen3-8B_k5,5,True,112.0,0,6,0.75,1.0,112.0,0.0,False,False,False,False
single_period_newsvendor_0018,Qwen3-8B_k6,6,True,112.0,0,6,0.75,1.0,112.0,0.0,False,False,False,False
single_period_newsvendor_0018,Qwen3-8B_k7,7,True,112.0,0,6,0.75,1.0,112.0,0.0,False,False,False,True
single_period_newsvendor_0019,Qwen3-8B_k0,0,True,122.0,0,7,1.0,1.0,122.0,0.0,True,True,True,False
single_period_newsvendor_0019,Qwen3-8B_k1,1,True,122.0,0,7,1.0,1.0,122.0,0.0,False,False,False,True
single_period_newsvendor_0019,Qwen3-8B_k2,2,True,122.0,0,7,1.0,1.0,122.0,0.0,False,False,False,False
single_period_newsvendor_0019,Qwen3-8B_k3,3,True,122.0,0,7,1.0,1.0,122.0,0.0,False,False,False,False
single_period_newsvendor_0019,Qwen3-8B_k4,4,False,,,0,0.0,0.0,,,False,False,False,False
single_period_newsvendor_0019,Qwen3-8B_k5,5,True,122.0,0,7,1.0,1.0,122.0,0.0,False,False,False,False
single_period_newsvendor_0019,Qwen3-8B_k6,6,True,122.0,0,7,1.0,1.0,122.0,0.0,False,False,False,False
single_period_newsvendor_0019,Qwen3-8B_k7,7,True,122.0,0,7,1.0,1.0,122.0,0.0,False,False,False,False
single_item_multi_period_0000,Qwen3-8B_k0,0,True,666.0,0,8,1.0,1.0,666.0,0.0,True,True,True,False
single_item_multi_period_0000,Qwen3-8B_k1,1,True,666.0,0,8,1.0,1.0,666.0,0.0,False,False,False,False
single_item_multi_period_0000,Qwen3-8B_k2,2,True,666.0,0,8,1.0,1.0,666.0,0.0,False,False,False,False
single_item_multi_period_0000,Qwen3-8B_k3,3,True,666.0,0,8,1.0,1.0,666.0,0.0,False,False,False,False
single_item_multi_period_0000,Qwen3-8B_k4,4,True,666.0,0,8,1.0,1.0,666.0,0.0,False,False,False,False
single_item_multi_period_0000,Qwen3-8B_k5,5,True,666.0,0,8,1.0,1.0,666.0,0.0,False,False,False,False
single_item_multi_period_0000,Qwen3-8B_k6,6,True,666.0,0,8,1.0,1.0,666.0,0.0,False,False,False,True
single_item_multi_period_0000,Qwen3-8B_k7,7,True,666.0,0,8,1.0,1.0,666.0,0.0,False,False,False,False
single_item_multi_period_0001,Qwen3-8B_k0,0,True,116.0,0,7,0.875,1.0,116.0,0.0,True,True,True,False
single_item_multi_period_0001,Qwen3-8B_k1,1,True,116.0,0,7,0.875,1.0,116.0,0.0,False,False,False,False
single_item_multi_period_0001,Qwen3-8B_k2,2,True,116.0,0,7,0.875,1.0,116.0,0.0,False,False,False,True
single_item_multi_period_0001,Qwen3-8B_k3,3,True,116.0,0,7,0.875,1.0,116.0,0.0,False,False,False,False
single_item_multi_period_0001,Qwen3-8B_k4,4,True,150.0,1,1,0.125,0.125,150.0,0.0,False,False,False,False
single_item_multi_period_0001,Qwen3-8B_k5,5,True,116.0,0,7,0.875,1.0,116.0,0.0,False,False,False,False
single_item_multi_period_0001,Qwen3-8B_k6,6,True,116.0,0,7,0.875,1.0,116.0,0.0,False,False,False,False
single_item_multi_period_0001,Qwen3-8B_k7,7,True,116.0,0,7,0.875,1.0,116.0,0.0,False,False,False,False
single_item_multi_period_0002,Qwen3-8B_k0,0,True,472.0,0,8,1.0,1.0,472.0,0.0,True,True,True,True
single_item_multi_period_0002,Qwen3-8B_k1,1,True,472.0,0,8,1.0,1.0,472.0,0.0,False,False,False,False
single_item_multi_period_0002,Qwen3-8B_k2,2,True,472.0,0,8,1.0,1.0,472.0,0.0,False,False,False,False
single_item_multi_period_0002,Qwen3-8B_k3,3,True,472.0,0,8,1.0,1.0,472.0,0.0,False,False,False,False
single_item_multi_period_0002,Qwen3-8B_k4,4,True,472.0,0,8,1.0,1.0,472.0,0.0,False,False,False,False
single_item_multi_period_0002,Qwen3-8B_k5,5,True,472.0,0,8,1.0,1.0,472.0,0.0,False,False,False,False
single_item_multi_period_0002,Qwen3-8B_k6,6,True,472.0,0,8,1.0,1.0,472.0,0.0,False,False,False,False
single_item_multi_period_0002,Qwen3-8B_k7,7,True,472.0,0,8,1.0,1.0,472.0,0.0,False,False,False,False
single_item_multi_period_0003,Qwen3-8B_k0,0,True,700.0,0,7,1.0,1.0,700.0,0.0,True,True,True,True
single_item_multi_period_0003,Qwen3-8B_k1,1,True,700.0,0,7,1.0,1.0,700.0,0.0,False,False,False,False
single_item_multi_period_0003,Qwen3-8B_k2,2,True,700.0,0,7,1.0,1.0,700.0,0.0,False,False,False,False
single_item_multi_period_0003,Qwen3-8B_k3,3,True,700.0,0,7,1.0,1.0,700.0,0.0,False,False,False,False
single_item_multi_period_0003,Qwen3-8B_k4,4,True,700.0,0,7,1.0,1.0,700.0,0.0,False,False,False,False
single_item_multi_period_0003,Qwen3-8B_k5,5,True,700.0,0,7,1.0,1.0,700.0,0.0,False,False,False,False
single_item_multi_period_0003,Qwen3-8B_k6,6,False,,,0,0.0,0.0,,,False,False,False,False
single_item_multi_period_0003,Qwen3-8B_k7,7,True,700.0,0,7,1.0,1.0,700.0,0.0,False,False,False,False
single_item_multi_period_0004,Qwen3-8B_k0,0,True,147.0,0,8,1.0,1.0,147.0,0.0,True,True,True,False
single_item_multi_period_0004,Qwen3-8B_k1,1,True,147.0,0,8,1.0,1.0,147.0,0.0,False,False,False,True
single_item_multi_period_0004,Qwen3-8B_k2,2,True,147.0,0,8,1.0,1.0,147.0,0.0,False,False,False,False
single_item_multi_period_0004,Qwen3-8B_k3,3,True,147.0,0,8,1.0,1.0,147.0,0.0,False,False,False,False
single_item_multi_period_0004,Qwen3-8B_k4,4,True,147.0,0,8,1.0,1.0,147.0,0.0,False,False,False,False
single_item_multi_period_0004,Qwen3-8B_k5,5,True,147.0,0,8,1.0,1.0,147.0,0.0,False,False,False,False
single_item_multi_period_0004,Qwen3-8B_k6,6,True,147.0,0,8,1.0,1.0,147.0,0.0,False,False,False,False
single_item_multi_period_0004,Qwen3-8B_k7,7,True,147.0,0,8,1.0,1.0,147.0,0.0,False,False,False,False
single_item_multi_period_0005,Qwen3-8B_k0,0,True,588.0,0,8,1.0,1.0,588.0,0.0,True,True,True,False
single_item_multi_period_0005,Qwen3-8B_k1,1,True,588.0,0,8,1.0,1.0,588.0,0.0,False,False,False,False
single_item_multi_period_0005,Qwen3-8B_k2,2,True,588.0,0,8,1.0,1.0,588.0,0.0,False,False,False,False
single_item_multi_period_0005,Qwen3-8B_k3,3,True,588.0,0,8,1.0,1.0,588.0,0.0,False,False,False,False
single_item_multi_period_0005,Qwen3-8B_k4,4,True,588.0,0,8,1.0,1.0,588.0,0.0,False,False,False,False
single_item_multi_period_0005,Qwen3-8B_k5,5,True,588.0,0,8,1.0,1.0,588.0,0.0,False,False,False,False
single_item_multi_period_0005,Qwen3-8B_k6,6,True,588.0,0,8,1.0,1.0,588.0,0.0,False,False,False,False
single_item_multi_period_0005,Qwen3-8B_k7,7,True,588.0,0,8,1.0,1.0,588.0,0.0,False,False,False,True
single_item_multi_period_0006,Qwen3-8B_k0,0,True,1090.0,0,8,1.0,1.0,1090.0,0.0,True,True,True,False
single_item_multi_period_0006,Qwen3-8B_k1,1,True,1090.0,0,8,1.0,1.0,1090.0,0.0,False,False,False,False
single_item_multi_period_0006,Qwen3-8B_k2,2,True,1090.0,0,8,1.0,1.0,1090.0,0.0,False,False,False,True
single_item_multi_period_0006,Qwen3-8B_k3,3,True,1090.0,0,8,1.0,1.0,1090.0,0.0,False,False,False,False
single_item_multi_period_0006,Qwen3-8B_k4,4,True,1090.0,0,8,1.0,1.0,1090.0,0.0,False,False,False,False
single_item_multi_period_0006,Qwen3-8B_k5,5,True,1090.0,0,8,1.0,1.0,1090.0,0.0,False,False,False,False
single_item_multi_period_0006,Qwen3-8B_k6,6,True,1090.0,0,8,1.0,1.0,1090.0,0.0,False,False,False,False
single_item_multi_period_0006,Qwen3-8B_k7,7,True,1090.0,0,8,1.0,1.0,1090.0,0.0,False,False,False,False
single_item_multi_period_0007,Qwen3-8B_k0,0,True,468.0,0,6,0.8571428571428571,1.0,468.0,0.0,True,True,True,False
single_item_multi_period_0007,Qwen3-8B_k1,1,True,468.0,0,6,0.8571428571428571,1.0,468.0,0.0,False,False,False,True
single_item_multi_period_0007,Qwen3-8B_k2,2,True,468.0,0,6,0.8571428571428571,1.0,468.0,0.0,False,False,False,False
single_item_multi_period_0007,Qwen3-8B_k3,3,True,901.0,1,1,0.14285714285714285,0.14285714285714285,901.0,0.0,False,False,False,False
single_item_multi_period_0007,Qwen3-8B_k4,4,True,468.0,0,6,0.8571428571428571,1.0,468.0,0.0,False,False,False,False
single_item_multi_period_0007,Qwen3-8B_k5,5,True,468.0,0,6,0.8571428571428571,1.0,468.0,0.0,False,False,False,False
single_item_multi_period_0007,Qwen3-8B_k6,6,False,,,0,0.0,0.0,,,False,False,False,False
single_item_multi_period_0007,Qwen3-8B_k7,7,True,468.0,0,6,0.8571428571428571,1.0,468.0,0.0,False,False,False,False
single_item_multi_period_0008,Qwen3-8B_k0,0,True,585.0,0,8,1.0,1.0,585.0,0.0,True,True,True,False
single_item_multi_period_0008,Qwen3-8B_k1,1,True,585.0,0,8,1.0,1.0,585.0,0.0,False,False,False,False
single_item_multi_period_0008,Qwen3-8B_k2,2,True,585.0,0,8,1.0,1.0,585.0,0.0,False,False,False,True
single_item_multi_period_0008,Qwen3-8B_k3,3,True,585.0,0,8,1.0,1.0,585.0,0.0,False,False,False,False
single_item_multi_period_0008,Qwen3-8B_k4,4,True,585.0,0,8,1.0,1.0,585.0,0.0,False,False,False,False
single_item_multi_period_0008,Qwen3-8B_k5,5,True,585.0,0,8,1.0,1.0,585.0,0.0,False,False,False,False
single_item_multi_period_0008,Qwen3-8B_k6,6,True,585.0,0,8,1.0,1.0,585.0,0.0,False,False,False,False
single_item_multi_period_0008,Qwen3-8B_k7,7,True,585.0,0,8,1.0,1.0,585.0,0.0,False,False,False,False
single_item_multi_period_0009,Qwen3-8B_k0,0,True,630.0,1,6,0.75,1.0,630.0,0.0,True,True,True,False
single_item_multi_period_0009,Qwen3-8B_k1,1,True,630.0,1,6,0.75,1.0,630.0,0.0,False,False,False,False
single_item_multi_period_0009,Qwen3-8B_k2,2,True,630.0,1,6,0.75,1.0,630.0,0.0,False,False,False,False
single_item_multi_period_0009,Qwen3-8B_k3,3,True,630.0,1,6,0.75,1.0,630.0,0.0,False,False,False,False
single_item_multi_period_0009,Qwen3-8B_k4,4,True,588.0,0,2,0.25,1.0,588.0,0.0,False,False,False,False
single_item_multi_period_0009,Qwen3-8B_k5,5,True,588.0,0,2,0.25,1.0,588.0,0.0,False,False,False,False
single_item_multi_period_0009,Qwen3-8B_k6,6,True,630.0,1,6,0.75,1.0,630.0,0.0,False,False,False,True
single_item_multi_period_0009,Qwen3-8B_k7,7,True,630.0,1,6,0.75,1.0,630.0,0.0,False,False,False,False
single_item_multi_period_0010,Qwen3-8B_k0,0,True,860.0,0,8,1.0,1.0,860.0,0.0,True,True,True,False
single_item_multi_period_0010,Qwen3-8B_k1,1,True,860.0,0,8,1.0,1.0,860.0,0.0,False,False,False,False
single_item_multi_period_0010,Qwen3-8B_k2,2,True,860.0,0,8,1.0,1.0,860.0,0.0,False,False,False,False
single_item_multi_period_0010,Qwen3-8B_k3,3,True,860.0,0,8,1.0,1.0,860.0,0.0,False,False,False,True
single_item_multi_period_0010,Qwen3-8B_k4,4,True,860.0,0,8,1.0,1.0,860.0,0.0,False,False,False,False
single_item_multi_period_0010,Qwen3-8B_k5,5,True,860.0,0,8,1.0,1.0,860.0,0.0,False,False,False,False
single_item_multi_period_0010,Qwen3-8B_k6,6,True,860.0,0,8,1.0,1.0,860.0,0.0,False,False,False,False
single_item_multi_period_0010,Qwen3-8B_k7,7,True,860.0,0,8,1.0,1.0,860.0,0.0,False,False,False,False
single_item_multi_period_0011,Qwen3-8B_k0,0,True,182.0,0,5,0.7142857142857143,1.0,182.0,0.0,True,True,True,False
single_item_multi_period_0011,Qwen3-8B_k1,1,True,182.0,0,5,0.7142857142857143,1.0,182.0,0.0,False,False,False,False
single_item_multi_period_0011,Qwen3-8B_k2,2,True,274.0,2,1,0.14285714285714285,0.5869565217391304,274.0,0.0,False,False,False,False
single_item_multi_period_0011,Qwen3-8B_k3,3,False,,,0,0.0,0.0,,,False,False,False,False
single_item_multi_period_0011,Qwen3-8B_k4,4,True,182.0,0,5,0.7142857142857143,1.0,182.0,0.0,False,False,False,False
single_item_multi_period_0011,Qwen3-8B_k5,5,True,182.0,0,5,0.7142857142857143,1.0,182.0,0.0,False,False,False,False
single_item_multi_period_0011,Qwen3-8B_k6,6,True,236.0,1,1,0.14285714285714285,0.5869565217391304,236.0,0.0,False,False,False,False
single_item_multi_period_0011,Qwen3-8B_k7,7,True,182.0,0,5,0.7142857142857143,1.0,182.0,0.0,False,False,False,True
single_item_multi_period_0012,Qwen3-8B_k0,0,True,438.0,0,8,1.0,1.0,438.0,0.0,True,True,True,False
single_item_multi_period_0012,Qwen3-8B_k1,1,True,438.0,0,8,1.0,1.0,438.0,0.0,False,False,False,True
single_item_multi_period_0012,Qwen3-8B_k2,2,True,438.0,0,8,1.0,1.0,438.0,0.0,False,False,False,False
single_item_multi_period_0012,Qwen3-8B_k3,3,True,438.0,0,8,1.0,1.0,438.0,0.0,False,False,False,False
single_item_multi_period_0012,Qwen3-8B_k4,4,True,438.0,0,8,1.0,1.0,438.0,0.0,False,False,False,False
single_item_multi_period_0012,Qwen3-8B_k5,5,True,438.0,0,8,1.0,1.0,438.0,0.0,False,False,False,False
single_item_multi_period_0012,Qwen3-8B_k6,6,True,438.0,0,8,1.0,1.0,438.0,0.0,False,False,False,False
single_item_multi_period_0012,Qwen3-8B_k7,7,True,438.0,0,8,1.0,1.0,438.0,0.0,False,False,False,False
single_item_multi_period_0013,Qwen3-8B_k0,0,True,920.0,0,7,0.875,1.0,920.0,0.0,True,True,True,False
single_item_multi_period_0013,Qwen3-8B_k1,1,True,920.0,0,7,0.875,1.0,920.0,0.0,False,False,False,False
single_item_multi_period_0013,Qwen3-8B_k2,2,True,920.0,0,7,0.875,1.0,920.0,0.0,False,False,False,False
single_item_multi_period_0013,Qwen3-8B_k3,3,True,920.0,0,7,0.875,1.0,920.0,0.0,False,False,False,False
single_item_multi_period_0013,Qwen3-8B_k4,4,True,1354.0,1,1,0.125,0.125,1354.0,0.0,False,False,False,True
single_item_multi_period_0013,Qwen3-8B_k5,5,True,920.0,0,7,0.875,1.0,920.0,0.0,False,False,False,False
single_item_multi_period_0013,Qwen3-8B_k6,6,True,920.0,0,7,0.875,1.0,920.0,0.0,False,False,False,False
single_item_multi_period_0013,Qwen3-8B_k7,7,True,920.0,0,7,0.875,1.0,920.0,0.0,False,False,False,False
single_item_multi_period_0014,Qwen3-8B_k0,0,True,580.0,0,8,1.0,1.0,580.0,0.0,True,True,True,False
single_item_multi_period_0014,Qwen3-8B_k1,1,True,580.0,0,8,1.0,1.0,580.0,0.0,False,False,False,False
single_item_multi_period_0014,Qwen3-8B_k2,2,True,580.0,0,8,1.0,1.0,580.0,0.0,False,False,False,True
single_item_multi_period_0014,Qwen3-8B_k3,3,True,580.0,0,8,1.0,1.0,580.0,0.0,False,False,False,False
single_item_multi_period_0014,Qwen3-8B_k4,4,True,580.0,0,8,1.0,1.0,580.0,0.0,False,False,False,False
single_item_multi_period_0014,Qwen3-8B_k5,5,True,580.0,0,8,1.0,1.0,580.0,0.0,False,False,False,False
single_item_multi_period_0014,Qwen3-8B_k6,6,True,580.0,0,8,1.0,1.0,580.0,0.0,False,False,False,False
single_item_multi_period_0014,Qwen3-8B_k7,7,True,580.0,0,8,1.0,1.0,580.0,0.0,False,False,False,False
single_item_multi_period_0015,Qwen3-8B_k0,0,True,304.0,0,8,1.0,1.0,304.0,0.0,True,True,True,False
single_item_multi_period_0015,Qwen3-8B_k1,1,True,304.0,0,8,1.0,1.0,304.0,0.0,False,False,False,False
single_item_multi_period_0015,Qwen3-8B_k2,2,True,304.0,0,8,1.0,1.0,304.0,0.0,False,False,False,False
single_item_multi_period_0015,Qwen3-8B_k3,3,True,304.0,0,8,1.0,1.0,304.0,0.0,False,False,False,True
single_item_multi_period_0015,Qwen3-8B_k4,4,True,304.0,0,8,1.0,1.0,304.0,0.0,False,False,False,False
single_item_multi_period_0015,Qwen3-8B_k5,5,True,304.0,0,8,1.0,1.0,304.0,0.0,False,False,False,False
single_item_multi_period_0015,Qwen3-8B_k6,6,True,304.0,0,8,1.0,1.0,304.0,0.0,False,False,False,False
single_item_multi_period_0015,Qwen3-8B_k7,7,True,304.0,0,8,1.0,1.0,304.0,0.0,False,False,False,False
single_item_multi_period_0016,Qwen3-8B_k0,0,True,150.0,0,8,1.0,1.0,150.0,0.0,True,True,True,False
single_item_multi_period_0016,Qwen3-8B_k1,1,True,150.0,0,8,1.0,1.0,150.0,0.0,False,False,False,False
single_item_multi_period_0016,Qwen3-8B_k2,2,True,150.0,0,8,1.0,1.0,150.0,0.0,False,False,False,False
single_item_multi_period_0016,Qwen3-8B_k3,3,True,150.0,0,8,1.0,1.0,150.0,0.0,False,False,False,False
single_item_multi_period_0016,Qwen3-8B_k4,4,True,150.0,0,8,1.0,1.0,150.0,0.0,False,False,False,False
single_item_multi_period_0016,Qwen3-8B_k5,5,True,150.0,0,8,1.0,1.0,150.0,0.0,False,False,False,False
single_item_multi_period_0016,Qwen3-8B_k6,6,True,150.0,0,8,1.0,1.0,150.0,0.0,False,False,False,True
single_item_multi_period_0016,Qwen3-8B_k7,7,True,150.0,0,8,1.0,1.0,150.0,0.0,False,False,False,False
single_item_multi_period_0017,Qwen3-8B_k0,0,True,972.0,1,5,0.7142857142857143,1.0,972.0,0.0,True,True,True,False
single_item_multi_period_0017,Qwen3-8B_k1,1,True,972.0,1,5,0.7142857142857143,1.0,972.0,0.0,False,False,False,False
single_item_multi_period_0017,Qwen3-8B_k2,2,True,972.0,1,5,0.7142857142857143,1.0,972.0,0.0,False,False,False,False
single_item_multi_period_0017,Qwen3-8B_k3,3,True,972.0,1,5,0.7142857142857143,1.0,972.0,0.0,False,False,False,True
single_item_multi_period_0017,Qwen3-8B_k4,4,True,876.0,0,2,0.2857142857142857,1.0,876.0,0.0,False,False,False,False
single_item_multi_period_0017,Qwen3-8B_k5,5,True,876.0,0,2,0.2857142857142857,1.0,876.0,0.0,False,False,False,False
single_item_multi_period_0017,Qwen3-8B_k6,6,True,972.0,1,5,0.7142857142857143,1.0,972.0,0.0,False,False,False,False
single_item_multi_period_0017,Qwen3-8B_k7,7,False,,,0,0.0,0.0,,,False,False,False,False
single_item_multi_period_0018,Qwen3-8B_k0,0,True,616.0,0,8,1.0,1.0,616.0,0.0,True,True,True,True
single_item_multi_period_0018,Qwen3-8B_k1,1,True,616.0,0,8,1.0,1.0,616.0,0.0,False,False,False,False
single_item_multi_period_0018,Qwen3-8B_k2,2,True,616.0,0,8,1.0,1.0,616.0,0.0,False,False,False,False
single_item_multi_period_0018,Qwen3-8B_k3,3,True,616.0,0,8,1.0,1.0,616.0,0.0,False,False,False,False
single_item_multi_period_0018,Qwen3-8B_k4,4,True,616.0,0,8,1.0,1.0,616.0,0.0,False,False,False,False
single_item_multi_period_0018,Qwen3-8B_k5,5,True,616.0,0,8,1.0,1.0,616.0,0.0,False,False,False,False
single_item_multi_period_0018,Qwen3-8B_k6,6,True,616.0,0,8,1.0,1.0,616.0,0.0,False,False,False,False
single_item_multi_period_0018,Qwen3-8B_k7,7,True,616.0,0,8,1.0,1.0,616.0,0.0,False,False,False,False
single_item_multi_period_0019,Qwen3-8B_k0,0,True,827.0,0,7,1.0,1.0,827.0,0.0,True,True,True,False
single_item_multi_period_0019,Qwen3-8B_k1,1,True,827.0,0,7,1.0,1.0,827.0,0.0,False,False,False,False
single_item_multi_period_0019,Qwen3-8B_k2,2,False,,,0,0.0,0.0,,,False,False,False,False
single_item_multi_period_0019,Qwen3-8B_k3,3,True,827.0,0,7,1.0,1.0,827.0,0.0,False,False,False,False
single_item_multi_period_0019,Qwen3-8B_k4,4,True,827.0,0,7,1.0,1.0,827.0,0.0,False,False,False,True
single_item_multi_period_0019,Qwen3-8B_k5,5,True,827.0,0,7,1.0,1.0,827.0,0.0,False,False,False,False
single_item_multi_period_0019,Qwen3-8B_k6,6,True,827.0,0,7,1.0,1.0,827.0,0.0,False,False,False,False
single_item_multi_period_0019,Qwen3-8B_k7,7,True,827.0,0,7,1.0,1.0,827.0,0.0,False,False,False,False
single_item_multi_period_shortage_0000,Qwen3-8B_k0,0,True,896.0,1,1,0.125,0.125,896.0,0.0,True,True,True,False
single_item_multi_period_shortage_0000,Qwen3-8B_k1,1,True,444.0,0,7,0.875,1.0,444.0,0.0,False,False,False,False
single_item_multi_period_shortage_0000,Qwen3-8B_k2,2,True,444.0,0,7,0.875,1.0,444.0,0.0,False,False,False,False
single_item_multi_period_shortage_0000,Qwen3-8B_k3,3,True,444.0,0,7,0.875,1.0,444.0,0.0,False,False,False,False
single_item_multi_period_shortage_0000,Qwen3-8B_k4,4,True,444.0,0,7,0.875,1.0,444.0,0.0,False,False,False,True
single_item_multi_period_shortage_0000,Qwen3-8B_k5,5,True,444.0,0,7,0.875,1.0,444.0,0.0,False,False,False,False
single_item_multi_period_shortage_0000,Qwen3-8B_k6,6,True,444.0,0,7,0.875,1.0,444.0,0.0,False,False,False,False
single_item_multi_period_shortage_0000,Qwen3-8B_k7,7,True,444.0,0,7,0.875,1.0,444.0,0.0,False,False,False,False
single_item_multi_period_shortage_0001,Qwen3-8B_k0,0,True,740.0,0,6,0.75,1.0,740.0,0.0,True,True,True,False
single_item_multi_period_shortage_0001,Qwen3-8B_k1,1,True,740.0,0,6,0.75,1.0,740.0,0.0,False,False,False,False
single_item_multi_period_shortage_0001,Qwen3-8B_k2,2,True,740.0,0,6,0.75,1.0,740.0,0.0,False,False,False,False
single_item_multi_period_shortage_0001,Qwen3-8B_k3,3,True,740.0,0,6,0.75,1.0,740.0,0.0,False,False,False,False
single_item_multi_period_shortage_0001,Qwen3-8B_k4,4,True,740.0,0,6,0.75,1.0,740.0,0.0,False,False,False,False
single_item_multi_period_shortage_0001,Qwen3-8B_k5,5,True,1136.0,2,1,0.125,0.125,1136.0,0.0,False,False,False,False
single_item_multi_period_shortage_0001,Qwen3-8B_k6,6,True,748.0,1,1,0.125,0.9797979797979798,748.0,0.0,False,False,False,True
single_item_multi_period_shortage_0001,Qwen3-8B_k7,7,True,740.0,0,6,0.75,1.0,740.0,0.0,False,False,False,False
single_item_multi_period_shortage_0002,Qwen3-8B_k0,0,True,524.0,0,8,1.0,1.0,524.0,0.0,True,True,True,False
single_item_multi_period_shortage_0002,Qwen3-8B_k1,1,True,524.0,0,8,1.0,1.0,524.0,0.0,False,False,False,False
single_item_multi_period_shortage_0002,Qwen3-8B_k2,2,True,524.0,0,8,1.0,1.0,524.0,0.0,False,False,False,False
single_item_multi_period_shortage_0002,Qwen3-8B_k3,3,True,524.0,0,8,1.0,1.0,524.0,0.0,False,False,False,False
single_item_multi_period_shortage_0002,Qwen3-8B_k4,4,True,524.0,0,8,1.0,1.0,524.0,0.0,False,False,False,True
single_item_multi_period_shortage_0002,Qwen3-8B_k5,5,True,524.0,0,8,1.0,1.0,524.0,0.0,False,False,False,False
single_item_multi_period_shortage_0002,Qwen3-8B_k6,6,True,524.0,0,8,1.0,1.0,524.0,0.0,False,False,False,False
single_item_multi_period_shortage_0002,Qwen3-8B_k7,7,True,524.0,0,8,1.0,1.0,524.0,0.0,False,False,False,False
single_item_multi_period_shortage_0003,Qwen3-8B_k0,0,True,456.0,1,1,0.14285714285714285,0.14285714285714285,456.0,0.0,False,False,False,False
single_item_multi_period_shortage_0003,Qwen3-8B_k1,1,True,420.0,0,6,0.8571428571428571,1.0,420.0,0.0,True,True,True,False
single_item_multi_period_shortage_0003,Qwen3-8B_k2,2,False,1092.0,,0,0.0,0.0,,,False,False,False,False
single_item_multi_period_shortage_0003,Qwen3-8B_k3,3,True,420.0,0,6,0.8571428571428571,1.0,420.0,0.0,False,False,False,False
single_item_multi_period_shortage_0003,Qwen3-8B_k4,4,True,420.0,0,6,0.8571428571428571,1.0,420.0,0.0,False,False,False,False
single_item_multi_period_shortage_0003,Qwen3-8B_k5,5,True,420.0,0,6,0.8571428571428571,1.0,420.0,0.0,False,False,False,False
single_item_multi_period_shortage_0003,Qwen3-8B_k6,6,True,420.0,0,6,0.8571428571428571,1.0,420.0,0.0,False,False,False,False
single_item_multi_period_shortage_0003,Qwen3-8B_k7,7,True,420.0,0,6,0.8571428571428571,1.0,420.0,0.0,False,False,False,True
single_item_multi_period_shortage_0004,Qwen3-8B_k0,0,True,1438.0,1,6,0.75,1.0,1438.0,0.0,False,False,False,False
single_item_multi_period_shortage_0004,Qwen3-8B_k1,1,True,1438.0,1,6,0.75,1.0,1438.0,0.0,True,True,True,False
single_item_multi_period_shortage_0004,Qwen3-8B_k2,2,True,1420.0,0,2,0.25,1.0,1420.0,0.0,False,False,False,False
single_item_multi_period_shortage_0004,Qwen3-8B_k3,3,True,1420.0,0,2,0.25,1.0,1420.0,0.0,False,False,False,False
single_item_multi_period_shortage_0004,Qwen3-8B_k4,4,True,1438.0,1,6,0.75,1.0,1438.0,0.0,False,False,False,False
single_item_multi_period_shortage_0004,Qwen3-8B_k5,5,True,1438.0,1,6,0.75,1.0,1438.0,0.0,False,False,False,False
single_item_multi_period_shortage_0004,Qwen3-8B_k6,6,True,1438.0,1,6,0.75,1.0,1438.0,0.0,False,False,False,True
single_item_multi_period_shortage_0004,Qwen3-8B_k7,7,True,1438.0,1,6,0.75,1.0,1438.0,0.0,False,False,False,False
single_item_multi_period_shortage_0005,Qwen3-8B_k0,0,True,654.0,0,8,1.0,1.0,654.0,0.0,False,False,False,False
single_item_multi_period_shortage_0005,Qwen3-8B_k1,1,True,654.0,0,8,1.0,1.0,654.0,0.0,False,False,False,False
single_item_multi_period_shortage_0005,Qwen3-8B_k2,2,True,654.0,0,8,1.0,1.0,654.0,0.0,False,False,False,False
single_item_multi_period_shortage_0005,Qwen3-8B_k3,3,True,654.0,0,8,1.0,1.0,654.0,0.0,False,False,False,False
single_item_multi_period_shortage_0005,Qwen3-8B_k4,4,True,654.0,0,8,1.0,1.0,654.0,0.0,False,False,False,False
single_item_multi_period_shortage_0005,Qwen3-8B_k5,5,True,654.0,0,8,1.0,1.0,654.0,0.0,False,False,False,False
single_item_multi_period_shortage_0005,Qwen3-8B_k6,6,True,654.0,0,8,1.0,1.0,654.0,0.0,False,False,False,False
single_item_multi_period_shortage_0005,Qwen3-8B_k7,7,True,654.0,0,8,1.0,1.0,654.0,0.0,True,True,True,True
single_item_multi_period_shortage_0006,Qwen3-8B_k0,0,False,53.0,,0,0.0,0.0,,,False,False,False,False
single_item_multi_period_shortage_0006,Qwen3-8B_k1,1,True,445.0,1,1,0.14285714285714285,0.14285714285714285,445.0,0.0,False,False,False,False
single_item_multi_period_shortage_0006,Qwen3-8B_k2,2,True,198.0,0,6,0.8571428571428571,1.0,198.0,0.0,False,False,False,False
single_item_multi_period_shortage_0006,Qwen3-8B_k3,3,True,198.0,0,6,0.8571428571428571,1.0,198.0,0.0,False,False,False,False
single_item_multi_period_shortage_0006,Qwen3-8B_k4,4,True,198.0,0,6,0.8571428571428571,1.0,198.0,0.0,False,False,False,False
single_item_multi_period_shortage_0006,Qwen3-8B_k5,5,True,198.0,0,6,0.8571428571428571,1.0,198.0,0.0,False,False,False,False
single_item_multi_period_shortage_0006,Qwen3-8B_k6,6,True,198.0,0,6,0.8571428571428571,1.0,198.0,0.0,True,True,True,True
single_item_multi_period_shortage_0006,Qwen3-8B_k7,7,True,198.0,0,6,0.8571428571428571,1.0,198.0,0.0,False,False,False,False
single_item_multi_period_shortage_0007,Qwen3-8B_k0,0,True,1275.0,1,2,0.25,1.0,1275.0,0.0,False,False,False,False
single_item_multi_period_shortage_0007,Qwen3-8B_k1,1,True,815.0,0,6,0.75,1.0,815.0,0.0,True,True,True,True
single_item_multi_period_shortage_0007,Qwen3-8B_k2,2,True,815.0,0,6,0.75,1.0,815.0,0.0,False,False,False,False
single_item_multi_period_shortage_0007,Qwen3-8B_k3,3,True,815.0,0,6,0.75,1.0,815.0,0.0,False,False,False,False
single_item_multi_period_shortage_0007,Qwen3-8B_k4,4,True,815.0,0,6,0.75,1.0,815.0,0.0,False,False,False,False
single_item_multi_period_shortage_0007,Qwen3-8B_k5,5,True,1275.0,1,2,0.25,1.0,1275.0,0.0,False,False,False,False
single_item_multi_period_shortage_0007,Qwen3-8B_k6,6,True,815.0,0,6,0.75,1.0,815.0,0.0,False,False,False,False
single_item_multi_period_shortage_0007,Qwen3-8B_k7,7,True,815.0,0,6,0.75,1.0,815.0,0.0,False,False,False,False
single_item_multi_period_shortage_0008,Qwen3-8B_k0,0,True,810.0,0,7,0.875,1.0,810.0,0.0,True,True,True,True
single_item_multi_period_shortage_0008,Qwen3-8B_k1,1,True,1615.0,1,1,0.125,0.125,1615.0,0.0,False,False,False,False
single_item_multi_period_shortage_0008,Qwen3-8B_k2,2,True,810.0,0,7,0.875,1.0,810.0,0.0,False,False,False,False
single_item_multi_period_shortage_0008,Qwen3-8B_k3,3,True,810.0,0,7,0.875,1.0,810.0,0.0,False,False,False,False
single_item_multi_period_shortage_0008,Qwen3-8B_k4,4,True,810.0,0,7,0.875,1.0,810.0,0.0,False,False,False,False
single_item_multi_period_shortage_0008,Qwen3-8B_k5,5,True,810.0,0,7,0.875,1.0,810.0,0.0,False,False,False,False
single_item_multi_period_shortage_0008,Qwen3-8B_k6,6,True,810.0,0,7,0.875,1.0,810.0,0.0,False,False,False,False
single_item_multi_period_shortage_0008,Qwen3-8B_k7,7,True,810.0,0,7,0.875,1.0,810.0,0.0,False,False,False,False
single_item_multi_period_shortage_0009,Qwen3-8B_k0,0,True,402.0,0,3,0.375,1.0,402.0,0.0,True,True,True,False
single_item_multi_period_shortage_0009,Qwen3-8B_k1,1,True,1062.0,2,2,0.25,1.0,1062.0,0.0,False,False,False,False
single_item_multi_period_shortage_0009,Qwen3-8B_k2,2,True,442.0,1,3,0.375,1.0,442.0,0.0,False,False,False,False
single_item_multi_period_shortage_0009,Qwen3-8B_k3,3,True,442.0,1,3,0.375,1.0,442.0,0.0,False,False,False,False
single_item_multi_period_shortage_0009,Qwen3-8B_k4,4,True,402.0,0,3,0.375,1.0,402.0,0.0,False,False,False,False
single_item_multi_period_shortage_0009,Qwen3-8B_k5,5,True,1062.0,2,2,0.25,1.0,1062.0,0.0,False,False,False,False
single_item_multi_period_shortage_0009,Qwen3-8B_k6,6,True,402.0,0,3,0.375,1.0,402.0,0.0,False,False,False,True
single_item_multi_period_shortage_0009,Qwen3-8B_k7,7,True,442.0,1,3,0.375,1.0,442.0,0.0,False,False,False,False
single_item_multi_period_shortage_0010,Qwen3-8B_k0,0,True,164.0,0,8,1.0,1.0,164.0,0.0,True,True,True,False
single_item_multi_period_shortage_0010,Qwen3-8B_k1,1,True,164.0,0,8,1.0,1.0,164.0,0.0,False,False,False,False
single_item_multi_period_shortage_0010,Qwen3-8B_k2,2,True,164.0,0,8,1.0,1.0,164.0,0.0,False,False,False,False
single_item_multi_period_shortage_0010,Qwen3-8B_k3,3,True,164.0,0,8,1.0,1.0,164.0,0.0,False,False,False,False
single_item_multi_period_shortage_0010,Qwen3-8B_k4,4,True,164.0,0,8,1.0,1.0,164.0,0.0,False,False,False,False
single_item_multi_period_shortage_0010,Qwen3-8B_k5,5,True,164.0,0,8,1.0,1.0,164.0,0.0,False,False,False,False
single_item_multi_period_shortage_0010,Qwen3-8B_k6,6,True,164.0,0,8,1.0,1.0,164.0,0.0,False,False,False,False
single_item_multi_period_shortage_0010,Qwen3-8B_k7,7,True,164.0,0,8,1.0,1.0,164.0,0.0,False,False,False,True
single_item_multi_period_shortage_0011,Qwen3-8B_k0,0,False,810.0,,0,0.0,0.0,,,False,False,False,False
single_item_multi_period_shortage_0011,Qwen3-8B_k1,1,True,228.0,0,6,0.8571428571428571,1.0,228.0,0.0,True,True,True,False
single_item_multi_period_shortage_0011,Qwen3-8B_k2,2,True,228.0,0,6,0.8571428571428571,1.0,228.0,0.0,False,False,False,False
single_item_multi_period_shortage_0011,Qwen3-8B_k3,3,True,228.0,0,6,0.8571428571428571,1.0,228.0,0.0,False,False,False,True
single_item_multi_period_shortage_0011,Qwen3-8B_k4,4,True,228.0,0,6,0.8571428571428571,1.0,228.0,0.0,False,False,False,False
single_item_multi_period_shortage_0011,Qwen3-8B_k5,5,True,228.0,0,6,0.8571428571428571,1.0,228.0,0.0,False,False,False,False
single_item_multi_period_shortage_0011,Qwen3-8B_k6,6,True,276.0,1,1,0.14285714285714285,0.14285714285714285,276.0,0.0,False,False,False,False
single_item_multi_period_shortage_0011,Qwen3-8B_k7,7,True,228.0,0,6,0.8571428571428571,1.0,228.0,0.0,False,False,False,False
single_item_multi_period_shortage_0012,Qwen3-8B_k0,0,True,1015.0,0,6,0.75,1.0,1015.0,0.0,True,True,True,False
single_item_multi_period_shortage_0012,Qwen3-8B_k1,1,True,1015.0,0,6,0.75,1.0,1015.0,0.0,False,False,False,False
single_item_multi_period_shortage_0012,Qwen3-8B_k2,2,True,1015.0,0,6,0.75,1.0,1015.0,0.0,False,False,False,True
single_item_multi_period_shortage_0012,Qwen3-8B_k3,3,True,1015.0,0,6,0.75,1.0,1015.0,0.0,False,False,False,False
single_item_multi_period_shortage_0012,Qwen3-8B_k4,4,True,1369.0,1,2,0.25,1.0,1369.0,0.0,False,False,False,False
single_item_multi_period_shortage_0012,Qwen3-8B_k5,5,True,1369.0,1,2,0.25,1.0,1369.0,0.0,False,False,False,False
single_item_multi_period_shortage_0012,Qwen3-8B_k6,6,True,1015.0,0,6,0.75,1.0,1015.0,0.0,False,False,False,False
single_item_multi_period_shortage_0012,Qwen3-8B_k7,7,True,1015.0,0,6,0.75,1.0,1015.0,0.0,False,False,False,False
single_item_multi_period_shortage_0013,Qwen3-8B_k0,0,True,1608.0,1,1,0.125,0.125,1608.0,0.0,True,True,True,False
single_item_multi_period_shortage_0013,Qwen3-8B_k1,1,True,905.0,0,7,0.875,1.0,905.0,0.0,False,False,False,False
single_item_multi_period_shortage_0013,Qwen3-8B_k2,2,True,905.0,0,7,0.875,1.0,905.0,0.0,False,False,False,False
single_item_multi_period_shortage_0013,Qwen3-8B_k3,3,True,905.0,0,7,0.875,1.0,905.0,0.0,False,False,False,False
single_item_multi_period_shortage_0013,Qwen3-8B_k4,4,True,905.0,0,7,0.875,1.0,905.0,0.0,False,False,False,False
single_item_multi_period_shortage_0013,Qwen3-8B_k5,5,True,905.0,0,7,0.875,1.0,905.0,0.0,False,False,False,False
single_item_multi_period_shortage_0013,Qwen3-8B_k6,6,True,905.0,0,7,0.875,1.0,905.0,0.0,False,False,False,True
single_item_multi_period_shortage_0013,Qwen3-8B_k7,7,True,905.0,0,7,0.875,1.0,905.0,0.0,False,False,False,False
single_item_multi_period_shortage_0014,Qwen3-8B_k0,0,True,648.0,0,6,0.75,1.0,648.0,0.0,False,False,False,False
single_item_multi_period_shortage_0014,Qwen3-8B_k1,1,True,648.0,0,6,0.75,1.0,648.0,0.0,True,True,True,False
single_item_multi_period_shortage_0014,Qwen3-8B_k2,2,True,648.0,0,6,0.75,1.0,648.0,0.0,False,False,False,False
single_item_multi_period_shortage_0014,Qwen3-8B_k3,3,True,648.0,0,6,0.75,1.0,648.0,0.0,False,False,False,False
single_item_multi_period_shortage_0014,Qwen3-8B_k4,4,True,1692.0,1,1,0.125,0.9247121346324181,1692.0,0.0,False,False,False,True
single_item_multi_period_shortage_0014,Qwen3-8B_k5,5,True,648.0,0,6,0.75,1.0,648.0,0.0,False,False,False,False
single_item_multi_period_shortage_0014,Qwen3-8B_k6,6,True,648.0,0,6,0.75,1.0,648.0,0.0,False,False,False,False
single_item_multi_period_shortage_0014,Qwen3-8B_k7,7,True,1777.0,2,1,0.125,0.9247121346324181,1777.0,0.0,False,False,False,False
single_item_multi_period_shortage_0015,Qwen3-8B_k0,0,True,142.0,0,8,1.0,1.0,142.0,0.0,True,True,True,False
single_item_multi_period_shortage_0015,Qwen3-8B_k1,1,True,142.0,0,8,1.0,1.0,142.0,0.0,False,False,False,False
single_item_multi_period_shortage_0015,Qwen3-8B_k2,2,True,142.0,0,8,1.0,1.0,142.0,0.0,False,False,False,False
single_item_multi_period_shortage_0015,Qwen3-8B_k3,3,True,142.0,0,8,1.0,1.0,142.0,0.0,False,False,False,False
single_item_multi_period_shortage_0015,Qwen3-8B_k4,4,True,142.0,0,8,1.0,1.0,142.0,0.0,False,False,False,False
single_item_multi_period_shortage_0015,Qwen3-8B_k5,5,True,142.0,0,8,1.0,1.0,142.0,0.0,False,False,False,False
single_item_multi_period_shortage_0015,Qwen3-8B_k6,6,True,142.0,0,8,1.0,1.0,142.0,0.0,False,False,False,False
single_item_multi_period_shortage_0015,Qwen3-8B_k7,7,True,142.0,0,8,1.0,1.0,142.0,0.0,False,False,False,True
single_item_multi_period_shortage_0016,Qwen3-8B_k0,0,True,885.0,1,1,0.125,0.125,885.0,0.0,False,False,False,False
single_item_multi_period_shortage_0016,Qwen3-8B_k1,1,True,805.0,0,7,0.875,1.0,805.0,0.0,True,True,True,True
single_item_multi_period_shortage_0016,Qwen3-8B_k2,2,True,805.0,0,7,0.875,1.0,805.0,0.0,False,False,False,False
single_item_multi_period_shortage_0016,Qwen3-8B_k3,3,True,805.0,0,7,0.875,1.0,805.0,0.0,False,False,False,False
single_item_multi_period_shortage_0016,Qwen3-8B_k4,4,True,805.0,0,7,0.875,1.0,805.0,0.0,False,False,False,False
single_item_multi_period_shortage_0016,Qwen3-8B_k5,5,True,805.0,0,7,0.875,1.0,805.0,0.0,False,False,False,False
single_item_multi_period_shortage_0016,Qwen3-8B_k6,6,True,805.0,0,7,0.875,1.0,805.0,0.0,False,False,False,False
single_item_multi_period_shortage_0016,Qwen3-8B_k7,7,True,805.0,0,7,0.875,1.0,805.0,0.0,False,False,False,False
single_item_multi_period_shortage_0017,Qwen3-8B_k0,0,True,570.0,0,7,0.875,1.0,570.0,0.0,True,True,True,False
single_item_multi_period_shortage_0017,Qwen3-8B_k1,1,True,904.0,1,1,0.125,0.125,904.0,0.0,False,False,False,False
single_item_multi_period_shortage_0017,Qwen3-8B_k2,2,True,570.0,0,7,0.875,1.0,570.0,0.0,False,False,False,False
single_item_multi_period_shortage_0017,Qwen3-8B_k3,3,True,570.0,0,7,0.875,1.0,570.0,0.0,False,False,False,False
single_item_multi_period_shortage_0017,Qwen3-8B_k4,4,True,570.0,0,7,0.875,1.0,570.0,0.0,False,False,False,False
single_item_multi_period_shortage_0017,Qwen3-8B_k5,5,True,570.0,0,7,0.875,1.0,570.0,0.0,False,False,False,False
single_item_multi_period_shortage_0017,Qwen3-8B_k6,6,True,570.0,0,7,0.875,1.0,570.0,0.0,False,False,False,False
single_item_multi_period_shortage_0017,Qwen3-8B_k7,7,True,570.0,0,7,0.875,1.0,570.0,0.0,False,False,False,True
single_item_multi_period_shortage_0018,Qwen3-8B_k0,0,True,119.0,0,7,0.875,1.0,119.0,0.0,False,False,False,False
single_item_multi_period_shortage_0018,Qwen3-8B_k1,1,True,119.0,0,7,0.875,1.0,119.0,0.0,True,True,True,False
single_item_multi_period_shortage_0018,Qwen3-8B_k2,2,True,119.0,0,7,0.875,1.0,119.0,0.0,False,False,False,False
single_item_multi_period_shortage_0018,Qwen3-8B_k3,3,True,119.0,0,7,0.875,1.0,119.0,0.0,False,False,False,False
single_item_multi_period_shortage_0018,Qwen3-8B_k4,4,True,119.0,0,7,0.875,1.0,119.0,0.0,False,False,False,True
single_item_multi_period_shortage_0018,Qwen3-8B_k5,5,True,119.0,0,7,0.875,1.0,119.0,0.0,False,False,False,False
single_item_multi_period_shortage_0018,Qwen3-8B_k6,6,True,158.0,1,1,0.125,0.125,158.0,0.0,False,False,False,False
single_item_multi_period_shortage_0018,Qwen3-8B_k7,7,True,119.0,0,7,0.875,1.0,119.0,0.0,False,False,False,False
single_item_multi_period_shortage_0019,Qwen3-8B_k0,0,True,1699.0,2,1,0.125,0.125,1699.0,0.0,False,False,False,False
single_item_multi_period_shortage_0019,Qwen3-8B_k1,1,True,1045.0,0,4,0.5,1.0,1045.0,0.0,True,True,True,False
single_item_multi_period_shortage_0019,Qwen3-8B_k2,2,True,1045.0,0,4,0.5,1.0,1045.0,0.0,False,False,False,False
single_item_multi_period_shortage_0019,Qwen3-8B_k3,3,True,1045.0,0,4,0.5,1.0,1045.0,0.0,False,False,False,False
single_item_multi_period_shortage_0019,Qwen3-8B_k4,4,True,1051.0,1,3,0.375,1.0,1051.0,0.0,False,False,False,False
single_item_multi_period_shortage_0019,Qwen3-8B_k5,5,True,1051.0,1,3,0.375,1.0,1051.0,0.0,False,False,False,False
single_item_multi_period_shortage_0019,Qwen3-8B_k6,6,True,1045.0,0,4,0.5,1.0,1045.0,0.0,False,False,False,False
single_item_multi_period_shortage_0019,Qwen3-8B_k7,7,True,1051.0,1,3,0.375,1.0,1051.0,0.0,False,False,False,True
multi_item_capacity_0000,Qwen3-8B_k0,0,True,420.0,0,8,1.0,1.0,420.0,0.0,False,False,False,False
multi_item_capacity_0000,Qwen3-8B_k1,1,True,420.0,0,8,1.0,1.0,420.0,0.0,False,False,False,False
multi_item_capacity_0000,Qwen3-8B_k2,2,True,420.0,0,8,1.0,1.0,420.0,0.0,False,False,False,False
multi_item_capacity_0000,Qwen3-8B_k3,3,True,420.0,0,8,1.0,1.0,420.0,0.0,True,True,True,True
multi_item_capacity_0000,Qwen3-8B_k4,4,True,420.0,0,8,1.0,1.0,420.0,0.0,False,False,False,False
multi_item_capacity_0000,Qwen3-8B_k5,5,True,420.0,0,8,1.0,1.0,420.0,0.0,False,False,False,False
multi_item_capacity_0000,Qwen3-8B_k6,6,True,420.0,0,8,1.0,1.0,420.0,0.0,False,False,False,False
multi_item_capacity_0000,Qwen3-8B_k7,7,True,420.0,0,8,1.0,1.0,420.0,0.0,False,False,False,False
multi_item_capacity_0001,Qwen3-8B_k0,0,True,765.0,1,7,0.875,1.0,765.0,0.0,False,False,False,False
multi_item_capacity_0001,Qwen3-8B_k1,1,True,765.0,1,7,0.875,1.0,765.0,0.0,False,False,False,False
multi_item_capacity_0001,Qwen3-8B_k2,2,True,765.0,1,7,0.875,1.0,765.0,0.0,False,False,False,False
multi_item_capacity_0001,Qwen3-8B_k3,3,True,765.0,1,7,0.875,1.0,765.0,0.0,True,True,True,True
multi_item_capacity_0001,Qwen3-8B_k4,4,True,765.0,1,7,0.875,1.0,765.0,0.0,False,False,False,False
multi_item_capacity_0001,Qwen3-8B_k5,5,True,765.0,1,7,0.875,1.0,765.0,0.0,False,False,False,False
multi_item_capacity_0001,Qwen3-8B_k6,6,True,672.0,0,1,0.125,0.125,672.0,0.0,False,False,False,False
multi_item_capacity_0001,Qwen3-8B_k7,7,True,765.0,1,7,0.875,1.0,765.0,0.0,False,False,False,False
multi_item_capacity_0002,Qwen3-8B_k0,0,True,1286.0,0,6,0.8571428571428571,1.0,1286.0,0.0,True,True,True,False
multi_item_capacity_0002,Qwen3-8B_k1,1,True,1286.0,0,6,0.8571428571428571,1.0,1286.0,0.0,False,False,False,True
multi_item_capacity_0002,Qwen3-8B_k2,2,True,1286.0,0,6,0.8571428571428571,1.0,1286.0,0.0,False,False,False,False
multi_item_capacity_0002,Qwen3-8B_k3,3,False,3806.0,,0,0.0,0.0,,,False,False,False,False
multi_item_capacity_0002,Qwen3-8B_k4,4,True,1286.0,0,6,0.8571428571428571,1.0,1286.0,0.0,False,False,False,False
multi_item_capacity_0002,Qwen3-8B_k5,5,True,1286.0,0,6,0.8571428571428571,1.0,1286.0,0.0,False,False,False,False
multi_item_capacity_0002,Qwen3-8B_k6,6,True,1290.0,1,1,0.14285714285714285,0.14285714285714285,1290.0,0.0,False,False,False,False
multi_item_capacity_0002,Qwen3-8B_k7,7,True,1286.0,0,6,0.8571428571428571,1.0,1286.0,0.0,False,False,False,False
multi_item_capacity_0003,Qwen3-8B_k0,0,False,1111.333334,,0,0.0,0.0,,,False,False,False,True
multi_item_capacity_0003,Qwen3-8B_k1,1,False,1111.333334,,0,0.0,0.0,,,False,False,False,False
multi_item_capacity_0003,Qwen3-8B_k2,2,False,1111.333334,,0,0.0,0.0,,,False,False,False,False
multi_item_capacity_0003,Qwen3-8B_k3,3,False,1111.333334,,0,0.0,0.0,,,False,False,False,False
multi_item_capacity_0003,Qwen3-8B_k4,4,False,1111.333334,,0,0.0,0.0,,,True,True,True,False
multi_item_capacity_0003,Qwen3-8B_k5,5,False,1111.333334,,0,0.0,0.0,,,False,False,False,False
multi_item_capacity_0003,Qwen3-8B_k6,6,False,1111.333334,,0,0.0,0.0,,,False,False,False,False
multi_item_capacity_0003,Qwen3-8B_k7,7,False,1111.333334,,0,0.0,0.0,,,False,False,False,False
multi_item_capacity_0004,Qwen3-8B_k0,0,True,1488.0,0,8,1.0,1.0,1488.0,0.0,False,False,False,False
multi_item_capacity_0004,Qwen3-8B_k1,1,True,1488.0,0,8,1.0,1.0,1488.0,0.0,False,False,False,False
multi_item_capacity_0004,Qwen3-8B_k2,2,True,1488.0,0,8,1.0,1.0,1488.0,0.0,False,False,False,False
multi_item_capacity_0004,Qwen3-8B_k3,3,True,1488.0,0,8,1.0,1.0,1488.0,0.0,False,False,False,False
multi_item_capacity_0004,Qwen3-8B_k4,4,True,1488.0,0,8,1.0,1.0,1488.0,0.0,True,True,True,True
multi_item_capacity_0004,Qwen3-8B_k5,5,True,1488.0,0,8,1.0,1.0,1488.0,0.0,False,False,False,False
multi_item_capacity_0004,Qwen3-8B_k6,6,True,1488.0,0,8,1.0,1.0,1488.0,0.0,False,False,False,False
multi_item_capacity_0004,Qwen3-8B_k7,7,True,1488.0,0,8,1.0,1.0,1488.0,0.0,False,False,False,False
multi_item_capacity_0005,Qwen3-8B_k0,0,False,1416.25,,0,0.0,0.0,,,True,True,True,True
multi_item_capacity_0005,Qwen3-8B_k1,1,False,,,0,0.0,0.0,,,False,False,False,False
multi_item_capacity_0005,Qwen3-8B_k2,2,False,,,0,0.0,0.0,,,False,False,False,False
multi_item_capacity_0005,Qwen3-8B_k3,3,False,,,0,0.0,0.0,,,False,False,False,False
multi_item_capacity_0005,Qwen3-8B_k4,4,False,,,0,0.0,0.0,,,False,False,False,False
multi_item_capacity_0005,Qwen3-8B_k5,5,False,1416.25,,0,0.0,0.0,,,False,False,False,False
multi_item_capacity_0005,Qwen3-8B_k6,6,False,,,0,0.0,0.0,,,False,False,False,False
multi_item_capacity_0005,Qwen3-8B_k7,7,False,,,0,0.0,0.0,,,False,False,False,False
multi_item_capacity_0006,Qwen3-8B_k0,0,True,964.0,0,8,1.0,1.0,964.0,0.0,False,False,False,False
multi_item_capacity_0006,Qwen3-8B_k1,1,True,964.0,0,8,1.0,1.0,964.0,0.0,False,False,False,False
multi_item_capacity_0006,Qwen3-8B_k2,2,True,964.0,0,8,1.0,1.0,964.0,0.0,False,False,False,False
multi_item_capacity_0006,Qwen3-8B_k3,3,True,964.0,0,8,1.0,1.0,964.0,0.0,True,True,True,True
multi_item_capacity_0006,Qwen3-8B_k4,4,True,964.0,0,8,1.0,1.0,964.0,0.0,False,False,False,False
multi_item_capacity_0006,Qwen3-8B_k5,5,True,964.0,0,8,1.0,1.0,964.0,0.0,False,False,False,False
multi_item_capacity_0006,Qwen3-8B_k6,6,True,964.0,0,8,1.0,1.0,964.0,0.0,False,False,False,False
multi_item_capacity_0006,Qwen3-8B_k7,7,True,964.0,0,8,1.0,1.0,964.0,0.0,False,False,False,False
multi_item_capacity_0007,Qwen3-8B_k0,0,False,,,0,0.0,0.0,,,False,False,False,False
multi_item_capacity_0007,Qwen3-8B_k1,1,False,,,0,0.0,0.0,,,False,False,False,False
multi_item_capacity_0007,Qwen3-8B_k2,2,False,1519.4166639999999,,0,0.0,0.0,,,False,False,False,True
multi_item_capacity_0007,Qwen3-8B_k3,3,False,1519.4166639999999,,0,0.0,0.0,,,True,True,True,False
multi_item_capacity_0007,Qwen3-8B_k4,4,False,1519.4166639999999,,0,0.0,0.0,,,False,False,False,False
multi_item_capacity_0007,Qwen3-8B_k5,5,False,1519.4166639999999,,0,0.0,0.0,,,False,False,False,False
multi_item_capacity_0007,Qwen3-8B_k6,6,False,1519.4166639999999,,0,0.0,0.0,,,False,False,False,False
multi_item_capacity_0007,Qwen3-8B_k7,7,False,1519.4166639999999,,0,0.0,0.0,,,False,False,False,False
multi_item_capacity_0008,Qwen3-8B_k0,0,False,349.0,,0,0.0,0.0,,,False,False,False,False
multi_item_capacity_0008,Qwen3-8B_k1,1,True,600.0,0,6,1.0,1.0,600.0,0.0,False,False,False,False
multi_item_capacity_0008,Qwen3-8B_k2,2,True,600.0,0,6,1.0,1.0,600.0,0.0,False,False,False,False
multi_item_capacity_0008,Qwen3-8B_k3,3,True,600.0,0,6,1.0,1.0,600.0,0.0,True,True,True,True
multi_item_capacity_0008,Qwen3-8B_k4,4,True,600.0,0,6,1.0,1.0,600.0,0.0,False,False,False,False
multi_item_capacity_0008,Qwen3-8B_k5,5,False,349.0,,0,0.0,0.0,,,False,False,False,False
multi_item_capacity_0008,Qwen3-8B_k6,6,True,600.0,0,6,1.0,1.0,600.0,0.0,False,False,False,False
multi_item_capacity_0008,Qwen3-8B_k7,7,True,600.0,0,6,1.0,1.0,600.0,0.0,False,False,False,False
multi_item_capacity_0009,Qwen3-8B_k0,0,True,360.0,0,8,1.0,1.0,360.0,0.0,False,False,False,False
multi_item_capacity_0009,Qwen3-8B_k1,1,True,360.0,0,8,1.0,1.0,360.0,0.0,False,False,False,False
multi_item_capacity_0009,Qwen3-8B_k2,2,True,360.0,0,8,1.0,1.0,360.0,0.0,False,False,False,False
multi_item_capacity_0009,Qwen3-8B_k3,3,True,360.0,0,8,1.0,1.0,360.0,0.0,True,True,True,True
multi_item_capacity_0009,Qwen3-8B_k4,4,True,360.0,0,8,1.0,1.0,360.0,0.0,False,False,False,False
multi_item_capacity_0009,Qwen3-8B_k5,5,True,360.0,0,8,1.0,1.0,360.0,0.0,False,False,False,False
multi_item_capacity_0009,Qwen3-8B_k6,6,True,360.0,0,8,1.0,1.0,360.0,0.0,False,False,False,False
multi_item_capacity_0009,Qwen3-8B_k7,7,True,360.0,0,8,1.0,1.0,360.0,0.0,False,False,False,False
multi_item_capacity_0010,Qwen3-8B_k0,0,False,941.999999,,0,0.0,0.0,,,False,False,False,False
multi_item_capacity_0010,Qwen3-8B_k1,1,True,946.0,1,1,0.16666666666666666,0.16666666666666666,946.0,0.0,True,True,True,True
multi_item_capacity_0010,Qwen3-8B_k2,2,True,916.0,0,5,0.8333333333333334,1.0,916.0,0.0,False,False,False,False
multi_item_capacity_0010,Qwen3-8B_k3,3,False,772.0,,0,0.0,0.0,,,False,False,False,False
multi_item_capacity_0010,Qwen3-8B_k4,4,True,916.0,0,5,0.8333333333333334,1.0,916.0,0.0,False,False,False,False
multi_item_capacity_0010,Qwen3-8B_k5,5,True,916.0,0,5,0.8333333333333334,1.0,916.0,0.0,False,False,False,False
multi_item_capacity_0010,Qwen3-8B_k6,6,True,916.0,0,5,0.8333333333333334,1.0,916.0,0.0,False,False,False,False
multi_item_capacity_0010,Qwen3-8B_k7,7,True,916.0,0,5,0.8333333333333334,1.0,916.0,0.0,False,False,False,False
multi_item_capacity_0011,Qwen3-8B_k0,0,True,473.0,0,1,1.0,1.0,473.0,0.0,True,True,True,True
multi_item_capacity_0011,Qwen3-8B_k1,1,False,,,0,0.0,0.0,,,False,False,False,False
multi_item_capacity_0011,Qwen3-8B_k2,2,False,,,0,0.0,0.0,,,False,False,False,False
multi_item_capacity_0011,Qwen3-8B_k3,3,False,469.5,,0,0.0,0.0,,,False,False,False,False
multi_item_capacity_0011,Qwen3-8B_k4,4,False,,,0,0.0,0.0,,,False,False,False,False
multi_item_capacity_0011,Qwen3-8B_k5,5,False,,,0,0.0,0.0,,,False,False,False,False
multi_item_capacity_0011,Qwen3-8B_k6,6,False,,,0,0.0,0.0,,,False,False,False,False
multi_item_capacity_0011,Qwen3-8B_k7,7,False,,,0,0.0,0.0,,,False,False,False,False
multi_item_capacity_0012,Qwen3-8B_k0,0,False,1170.75,,0,0.0,0.0,,,True,True,True,True
multi_item_capacity_0012,Qwen3-8B_k1,1,False,1170.75,,0,0.0,0.0,,,False,False,False,False
multi_item_capacity_0012,Qwen3-8B_k2,2,False,1170.75,,0,0.0,0.0,,,False,False,False,False
multi_item_capacity_0012,Qwen3-8B_k3,3,False,1170.75,,0,0.0,0.0,,,False,False,False,False
multi_item_capacity_0012,Qwen3-8B_k4,4,False,1170.75,,0,0.0,0.0,,,False,False,False,False
multi_item_capacity_0012,Qwen3-8B_k5,5,False,894.0,,0,0.0,0.0,,,False,False,False,False
multi_item_capacity_0012,Qwen3-8B_k6,6,False,1170.75,,0,0.0,0.0,,,False,False,False,False
multi_item_capacity_0012,Qwen3-8B_k7,7,False,1170.75,,0,0.0,0.0,,,False,False,False,False
multi_item_capacity_0013,Qwen3-8B_k0,0,False,878.3333534999999,,0,0.0,0.0,,,False,False,False,True
multi_item_capacity_0013,Qwen3-8B_k1,1,False,,,0,0.0,0.0,,,False,False,False,False
multi_item_capacity_0013,Qwen3-8B_k2,2,False,,,0,0.0,0.0,,,False,False,False,False
multi_item_capacity_0013,Qwen3-8B_k3,3,False,839.666667,,0,0.0,0.0,,,False,False,False,False
multi_item_capacity_0013,Qwen3-8B_k4,4,False,878.3333534999999,,0,0.0,0.0,,,False,False,False,False
multi_item_capacity_0013,Qwen3-8B_k5,5,False,839.666667,,0,0.0,0.0,,,True,True,True,False
multi_item_capacity_0013,Qwen3-8B_k6,6,False,,,0,0.0,0.0,,,False,False,False,False
multi_item_capacity_0013,Qwen3-8B_k7,7,False,,,0,0.0,0.0,,,False,False,False,False
multi_item_capacity_0014,Qwen3-8B_k0,0,True,803.0,0,8,1.0,1.0,803.0,0.0,False,False,False,False
multi_item_capacity_0014,Qwen3-8B_k1,1,True,803.0,0,8,1.0,1.0,803.0,0.0,False,False,False,False
multi_item_capacity_0014,Qwen3-8B_k2,2,True,803.0,0,8,1.0,1.0,803.0,0.0,False,False,False,False
multi_item_capacity_0014,Qwen3-8B_k3,3,True,803.0,0,8,1.0,1.0,803.0,0.0,True,True,True,True
multi_item_capacity_0014,Qwen3-8B_k4,4,True,803.0,0,8,1.0,1.0,803.0,0.0,False,False,False,False
multi_item_capacity_0014,Qwen3-8B_k5,5,True,803.0,0,8,1.0,1.0,803.0,0.0,False,False,False,False
multi_item_capacity_0014,Qwen3-8B_k6,6,True,803.0,0,8,1.0,1.0,803.0,0.0,False,False,False,False
multi_item_capacity_0014,Qwen3-8B_k7,7,True,803.0,0,8,1.0,1.0,803.0,0.0,False,False,False,False
multi_item_capacity_0015,Qwen3-8B_k0,0,True,1788.0,0,7,1.0,1.0,1788.0,0.0,True,True,True,False
multi_item_capacity_0015,Qwen3-8B_k1,1,True,1788.0,0,7,1.0,1.0,1788.0,0.0,False,False,False,False
multi_item_capacity_0015,Qwen3-8B_k2,2,True,1788.0,0,7,1.0,1.0,1788.0,0.0,False,False,False,False
multi_item_capacity_0015,Qwen3-8B_k3,3,False,996.41668,,0,0.0,0.0,,,False,False,False,False
multi_item_capacity_0015,Qwen3-8B_k4,4,True,1788.0,0,7,1.0,1.0,1788.0,0.0,False,False,False,False
multi_item_capacity_0015,Qwen3-8B_k5,5,True,1788.0,0,7,1.0,1.0,1788.0,0.0,False,False,False,False
multi_item_capacity_0015,Qwen3-8B_k6,6,True,1788.0,0,7,1.0,1.0,1788.0,0.0,False,False,False,True
multi_item_capacity_0015,Qwen3-8B_k7,7,True,1788.0,0,7,1.0,1.0,1788.0,0.0,False,False,False,False
multi_item_capacity_0016,Qwen3-8B_k0,0,False,1457.0,,0,0.0,0.0,,,True,True,True,True
multi_item_capacity_0016,Qwen3-8B_k1,1,False,,,0,0.0,0.0,,,False,False,False,False
multi_item_capacity_0016,Qwen3-8B_k2,2,False,1857.9999971999998,,0,0.0,0.0,,,False,False,False,False
multi_item_capacity_0016,Qwen3-8B_k3,3,False,1857.9999971999998,,0,0.0,0.0,,,False,False,False,False
multi_item_capacity_0016,Qwen3-8B_k4,4,False,,,0,0.0,0.0,,,False,False,False,False
multi_item_capacity_0016,Qwen3-8B_k5,5,False,,,0,0.0,0.0,,,False,False,False,False
multi_item_capacity_0016,Qwen3-8B_k6,6,False,,,0,0.0,0.0,,,False,False,False,False
multi_item_capacity_0016,Qwen3-8B_k7,7,False,,,0,0.0,0.0,,,False,False,False,False
multi_item_capacity_0017,Qwen3-8B_k0,0,False,1981.0000009999999,,0,0.0,0.0,,,False,False,False,False
multi_item_capacity_0017,Qwen3-8B_k1,1,False,1981.0000009999999,,0,0.0,0.0,,,False,False,False,False
multi_item_capacity_0017,Qwen3-8B_k2,2,True,1501.0,0,2,1.0,1.0,1501.0,0.0,True,True,True,False
multi_item_capacity_0017,Qwen3-8B_k3,3,False,1981.0000009999999,,0,0.0,0.0,,,False,False,False,False
multi_item_capacity_0017,Qwen3-8B_k4,4,False,1981.0000009999999,,0,0.0,0.0,,,False,False,False,False
multi_item_capacity_0017,Qwen3-8B_k5,5,False,1981.0000009999999,,0,0.0,0.0,,,False,False,False,False
multi_item_capacity_0017,Qwen3-8B_k6,6,True,1501.0,0,2,1.0,1.0,1501.0,0.0,False,False,False,True
multi_item_capacity_0017,Qwen3-8B_k7,7,False,1981.0000009999999,,0,0.0,0.0,,,False,False,False,False
multi_item_capacity_0018,Qwen3-8B_k0,0,False,1158.0,,0,0.0,0.0,,,True,True,True,True
multi_item_capacity_0018,Qwen3-8B_k1,1,False,1610.5,,0,0.0,0.0,,,False,False,False,False
multi_item_capacity_0018,Qwen3-8B_k2,2,False,1610.5,,0,0.0,0.0,,,False,False,False,False
multi_item_capacity_0018,Qwen3-8B_k3,3,False,1158.0,,0,0.0,0.0,,,False,False,False,False
multi_item_capacity_0018,Qwen3-8B_k4,4,False,1610.5,,0,0.0,0.0,,,False,False,False,False
multi_item_capacity_0018,Qwen3-8B_k5,5,False,1610.5,,0,0.0,0.0,,,False,False,False,False
multi_item_capacity_0018,Qwen3-8B_k6,6,False,1610.5,,0,0.0,0.0,,,False,False,False,False
multi_item_capacity_0018,Qwen3-8B_k7,7,False,1158.0,,0,0.0,0.0,,,False,False,False,False
multi_item_capacity_0019,Qwen3-8B_k0,0,False,1349.0000019999998,,0,0.0,0.0,,,False,False,False,True
multi_item_capacity_0019,Qwen3-8B_k1,1,False,1349.0000019999998,,0,0.0,0.0,,,False,False,False,False
multi_item_capacity_0019,Qwen3-8B_k2,2,False,1349.0000019999998,,0,0.0,0.0,,,False,False,False,False
multi_item_capacity_0019,Qwen3-8B_k3,3,False,1349.0000020000002,,0,0.0,0.0,,,True,True,True,False
multi_item_capacity_0019,Qwen3-8B_k4,4,False,1349.0000019999998,,0,0.0,0.0,,,False,False,False,False
multi_item_capacity_0019,Qwen3-8B_k5,5,False,1349.0000019999998,,0,0.0,0.0,,,False,False,False,False
multi_item_capacity_0019,Qwen3-8B_k6,6,False,1349.0000019999998,,0,0.0,0.0,,,False,False,False,False
multi_item_capacity_0019,Qwen3-8B_k7,7,False,1349.0000019999998,,0,0.0,0.0,,,False,False,False,False
fixed_order_cost_big_m_0000,Qwen3-8B_k0,0,True,830.0,0,7,1.0,1.0,830.0,0.0,False,False,False,False
fixed_order_cost_big_m_0000,Qwen3-8B_k1,1,True,830.0,0,7,1.0,1.0,830.0,0.0,True,True,True,True
fixed_order_cost_big_m_0000,Qwen3-8B_k2,2,True,830.0,0,7,1.0,1.0,830.0,0.0,False,False,False,False
fixed_order_cost_big_m_0000,Qwen3-8B_k3,3,True,830.0,0,7,1.0,1.0,830.0,0.0,False,False,False,False
fixed_order_cost_big_m_0000,Qwen3-8B_k4,4,True,830.0,0,7,1.0,1.0,830.0,0.0,False,False,False,False
fixed_order_cost_big_m_0000,Qwen3-8B_k5,5,True,830.0,0,7,1.0,1.0,830.0,0.0,False,False,False,False
fixed_order_cost_big_m_0000,Qwen3-8B_k6,6,False,233.0,,0,0.0,0.0,,,False,False,False,False
fixed_order_cost_big_m_0000,Qwen3-8B_k7,7,True,830.0,0,7,1.0,1.0,830.0,0.0,False,False,False,False
fixed_order_cost_big_m_0001,Qwen3-8B_k0,0,True,558.0,0,8,1.0,1.0,558.0,0.0,False,False,False,False
fixed_order_cost_big_m_0001,Qwen3-8B_k1,1,True,558.0,0,8,1.0,1.0,558.0,0.0,False,False,False,False
fixed_order_cost_big_m_0001,Qwen3-8B_k2,2,True,558.0,0,8,1.0,1.0,558.0,0.0,False,False,False,False
fixed_order_cost_big_m_0001,Qwen3-8B_k3,3,True,558.0,0,8,1.0,1.0,558.0,0.0,True,True,True,True
fixed_order_cost_big_m_0001,Qwen3-8B_k4,4,True,558.0,0,8,1.0,1.0,558.0,0.0,False,False,False,False
fixed_order_cost_big_m_0001,Qwen3-8B_k5,5,True,558.0,0,8,1.0,1.0,558.0,0.0,False,False,False,False
fixed_order_cost_big_m_0001,Qwen3-8B_k6,6,True,558.0,0,8,1.0,1.0,558.0,0.0,False,False,False,False
fixed_order_cost_big_m_0001,Qwen3-8B_k7,7,True,558.0,0,8,1.0,1.0,558.0,0.0,False,False,False,False
fixed_order_cost_big_m_0002,Qwen3-8B_k0,0,True,826.0,0,8,1.0,1.0,826.0,0.0,False,False,False,False
fixed_order_cost_big_m_0002,Qwen3-8B_k1,1,True,826.0,0,8,1.0,1.0,826.0,0.0,True,True,True,True
fixed_order_cost_big_m_0002,Qwen3-8B_k2,2,True,826.0,0,8,1.0,1.0,826.0,0.0,False,False,False,False
fixed_order_cost_big_m_0002,Qwen3-8B_k3,3,True,826.0,0,8,1.0,1.0,826.0,0.0,False,False,False,False
fixed_order_cost_big_m_0002,Qwen3-8B_k4,4,True,826.0,0,8,1.0,1.0,826.0,0.0,False,False,False,False
fixed_order_cost_big_m_0002,Qwen3-8B_k5,5,True,826.0,0,8,1.0,1.0,826.0,0.0,False,False,False,False
fixed_order_cost_big_m_0002,Qwen3-8B_k6,6,True,826.0,0,8,1.0,1.0,826.0,0.0,False,False,False,False
fixed_order_cost_big_m_0002,Qwen3-8B_k7,7,True,826.0,0,8,1.0,1.0,826.0,0.0,False,False,False,False
fixed_order_cost_big_m_0003,Qwen3-8B_k0,0,True,1149.0,0,8,1.0,1.0,1149.0,0.0,False,False,False,False
fixed_order_cost_big_m_0003,Qwen3-8B_k1,1,True,1149.0,0,8,1.0,1.0,1149.0,0.0,False,False,False,False
fixed_order_cost_big_m_0003,Qwen3-8B_k2,2,True,1149.0,0,8,1.0,1.0,1149.0,0.0,False,False,False,False
fixed_order_cost_big_m_0003,Qwen3-8B_k3,3,True,1149.0,0,8,1.0,1.0,1149.0,0.0,True,True,True,True
fixed_order_cost_big_m_0003,Qwen3-8B_k4,4,True,1149.0,0,8,1.0,1.0,1149.0,0.0,False,False,False,False
fixed_order_cost_big_m_0003,Qwen3-8B_k5,5,True,1149.0,0,8,1.0,1.0,1149.0,0.0,False,False,False,False
fixed_order_cost_big_m_0003,Qwen3-8B_k6,6,True,1149.0,0,8,1.0,1.0,1149.0,0.0,False,False,False,False
fixed_order_cost_big_m_0003,Qwen3-8B_k7,7,True,1149.0,0,8,1.0,1.0,1149.0,0.0,False,False,False,False
fixed_order_cost_big_m_0004,Qwen3-8B_k0,0,True,190.0,0,8,1.0,1.0,190.0,0.0,False,False,False,False
fixed_order_cost_big_m_0004,Qwen3-8B_k1,1,True,190.0,0,8,1.0,1.0,190.0,0.0,False,False,False,False
fixed_order_cost_big_m_0004,Qwen3-8B_k2,2,True,190.0,0,8,1.0,1.0,190.0,0.0,False,False,False,False
fixed_order_cost_big_m_0004,Qwen3-8B_k3,3,True,190.0,0,8,1.0,1.0,190.0,0.0,True,True,True,True
fixed_order_cost_big_m_0004,Qwen3-8B_k4,4,True,190.0,0,8,1.0,1.0,190.0,0.0,False,False,False,False
fixed_order_cost_big_m_0004,Qwen3-8B_k5,5,True,190.0,0,8,1.0,1.0,190.0,0.0,False,False,False,False
fixed_order_cost_big_m_0004,Qwen3-8B_k6,6,True,190.0,0,8,1.0,1.0,190.0,0.0,False,False,False,False
fixed_order_cost_big_m_0004,Qwen3-8B_k7,7,True,190.0,0,8,1.0,1.0,190.0,0.0,False,False,False,False
fixed_order_cost_big_m_0005,Qwen3-8B_k0,0,True,785.0,1,6,0.8571428571428571,1.0,785.0,0.0,False,False,False,False
fixed_order_cost_big_m_0005,Qwen3-8B_k1,1,True,785.0,1,6,0.8571428571428571,1.0,785.0,0.0,True,True,True,True
fixed_order_cost_big_m_0005,Qwen3-8B_k2,2,True,785.0,1,6,0.8571428571428571,1.0,785.0,0.0,False,False,False,False
fixed_order_cost_big_m_0005,Qwen3-8B_k3,3,True,785.0,1,6,0.8571428571428571,1.0,785.0,0.0,False,False,False,False
fixed_order_cost_big_m_0005,Qwen3-8B_k4,4,True,716.0,0,1,0.14285714285714285,0.14285714285714285,716.0,0.0,False,False,False,False
fixed_order_cost_big_m_0005,Qwen3-8B_k5,5,False,,,0,0.0,0.0,,,False,False,False,False
fixed_order_cost_big_m_0005,Qwen3-8B_k6,6,True,785.0,1,6,0.8571428571428571,1.0,785.0,0.0,False,False,False,False
fixed_order_cost_big_m_0005,Qwen3-8B_k7,7,True,785.0,1,6,0.8571428571428571,1.0,785.0,0.0,False,False,False,False
fixed_order_cost_big_m_0006,Qwen3-8B_k0,0,True,1286.0,0,8,1.0,1.0,1286.0,0.0,False,False,False,False
fixed_order_cost_big_m_0006,Qwen3-8B_k1,1,True,1286.0,0,8,1.0,1.0,1286.0,0.0,False,False,False,False
fixed_order_cost_big_m_0006,Qwen3-8B_k2,2,True,1286.0,0,8,1.0,1.0,1286.0,0.0,False,False,False,False
fixed_order_cost_big_m_0006,Qwen3-8B_k3,3,True,1286.0,0,8,1.0,1.0,1286.0,0.0,True,True,True,False
fixed_order_cost_big_m_0006,Qwen3-8B_k4,4,True,1286.0,0,8,1.0,1.0,1286.0,0.0,False,False,False,False
fixed_order_cost_big_m_0006,Qwen3-8B_k5,5,True,1286.0,0,8,1.0,1.0,1286.0,0.0,False,False,False,False
fixed_order_cost_big_m_0006,Qwen3-8B_k6,6,True,1286.0,0,8,1.0,1.0,1286.0,0.0,False,False,False,True
fixed_order_cost_big_m_0006,Qwen3-8B_k7,7,True,1286.0,0,8,1.0,1.0,1286.0,0.0,False,False,False,False
fixed_order_cost_big_m_0007,Qwen3-8B_k0,0,True,409.0,1,7,0.875,1.0,409.0,0.0,False,False,False,False
fixed_order_cost_big_m_0007,Qwen3-8B_k1,1,True,409.0,1,7,0.875,1.0,409.0,0.0,False,False,False,False
fixed_order_cost_big_m_0007,Qwen3-8B_k2,2,True,409.0,1,7,0.875,1.0,409.0,0.0,False,False,False,False
fixed_order_cost_big_m_0007,Qwen3-8B_k3,3,True,268.0,0,1,0.125,0.125,268.0,0.0,False,False,False,False
fixed_order_cost_big_m_0007,Qwen3-8B_k4,4,True,409.0,1,7,0.875,1.0,409.0,0.0,True,True,True,True
fixed_order_cost_big_m_0007,Qwen3-8B_k5,5,True,409.0,1,7,0.875,1.0,409.0,0.0,False,False,False,False
fixed_order_cost_big_m_0007,Qwen3-8B_k6,6,True,409.0,1,7,0.875,1.0,409.0,0.0,False,False,False,False
fixed_order_cost_big_m_0007,Qwen3-8B_k7,7,True,409.0,1,7,0.875,1.0,409.0,0.0,False,False,False,False
fixed_order_cost_big_m_0008,Qwen3-8B_k0,0,True,461.0,2,3,0.375,1.0,461.0,0.0,True,True,True,False
fixed_order_cost_big_m_0008,Qwen3-8B_k1,1,True,461.0,2,3,0.375,1.0,461.0,0.0,False,False,False,False
fixed_order_cost_big_m_0008,Qwen3-8B_k2,2,True,398.0,1,1,0.125,0.5655172413793104,398.0,0.0,False,False,False,False
fixed_order_cost_big_m_0008,Qwen3-8B_k3,3,True,316.0,0,4,0.5,1.0,316.0,0.0,False,False,False,True
fixed_order_cost_big_m_0008,Qwen3-8B_k4,4,True,316.0,0,4,0.5,1.0,316.0,0.0,False,False,False,False
fixed_order_cost_big_m_0008,Qwen3-8B_k5,5,True,461.0,2,3,0.375,1.0,461.0,0.0,False,False,False,False
fixed_order_cost_big_m_0008,Qwen3-8B_k6,6,True,316.0,0,4,0.5,1.0,316.0,0.0,False,False,False,False
fixed_order_cost_big_m_0008,Qwen3-8B_k7,7,True,316.0,0,4,0.5,1.0,316.0,0.0,False,False,False,False
fixed_order_cost_big_m_0009,Qwen3-8B_k0,0,True,324.0,0,7,0.875,1.0,324.0,0.0,False,False,False,False
fixed_order_cost_big_m_0009,Qwen3-8B_k1,1,True,324.0,0,7,0.875,1.0,324.0,0.0,False,False,False,False
fixed_order_cost_big_m_0009,Qwen3-8B_k2,2,True,324.0,0,7,0.875,1.0,324.0,0.0,False,False,False,False
fixed_order_cost_big_m_0009,Qwen3-8B_k3,3,True,410.0,1,1,0.125,0.125,410.0,0.0,False,False,False,False
fixed_order_cost_big_m_0009,Qwen3-8B_k4,4,True,324.0,0,7,0.875,1.0,324.0,0.0,False,False,False,False
fixed_order_cost_big_m_0009,Qwen3-8B_k5,5,True,324.0,0,7,0.875,1.0,324.0,0.0,False,False,False,False
fixed_order_cost_big_m_0009,Qwen3-8B_k6,6,True,324.0,0,7,0.875,1.0,324.0,0.0,True,True,True,True
fixed_order_cost_big_m_0009,Qwen3-8B_k7,7,True,324.0,0,7,0.875,1.0,324.0,0.0,False,False,False,False
fixed_order_cost_big_m_0010,Qwen3-8B_k0,0,False,,,0,0.0,0.0,,,False,False,False,False
fixed_order_cost_big_m_0010,Qwen3-8B_k1,1,True,430.0,0,7,1.0,1.0,430.0,0.0,False,False,False,False
fixed_order_cost_big_m_0010,Qwen3-8B_k2,2,True,430.0,0,7,1.0,1.0,430.0,0.0,False,False,False,False
fixed_order_cost_big_m_0010,Qwen3-8B_k3,3,True,430.0,0,7,1.0,1.0,430.0,0.0,True,True,True,True
fixed_order_cost_big_m_0010,Qwen3-8B_k4,4,True,430.0,0,7,1.0,1.0,430.0,0.0,False,False,False,False
fixed_order_cost_big_m_0010,Qwen3-8B_k5,5,True,430.0,0,7,1.0,1.0,430.0,0.0,False,False,False,False
fixed_order_cost_big_m_0010,Qwen3-8B_k6,6,True,430.0,0,7,1.0,1.0,430.0,0.0,False,False,False,False
fixed_order_cost_big_m_0010,Qwen3-8B_k7,7,True,430.0,0,7,1.0,1.0,430.0,0.0,False,False,False,False
fixed_order_cost_big_m_0011,Qwen3-8B_k0,0,True,1322.0,1,7,0.875,1.0,1322.0,0.0,False,True,False,False
fixed_order_cost_big_m_0011,Qwen3-8B_k1,1,True,1322.0,1,7,0.875,1.0,1322.0,0.0,True,False,True,False
fixed_order_cost_big_m_0011,Qwen3-8B_k2,2,True,1198.0,0,1,0.125,0.125,1198.0,0.0,False,False,False,False
fixed_order_cost_big_m_0011,Qwen3-8B_k3,3,True,1322.0,1,7,0.875,1.0,1322.0,0.0,False,False,False,False
fixed_order_cost_big_m_0011,Qwen3-8B_k4,4,True,1322.0,1,7,0.875,1.0,1322.0,0.0,False,False,False,False
fixed_order_cost_big_m_0011,Qwen3-8B_k5,5,True,1322.0,1,7,0.875,1.0,1322.0,0.0,False,False,False,False
fixed_order_cost_big_m_0011,Qwen3-8B_k6,6,True,1322.0,1,7,0.875,1.0,1322.0,0.0,False,False,False,True
fixed_order_cost_big_m_0011,Qwen3-8B_k7,7,True,1322.0,1,7,0.875,1.0,1322.0,0.0,False,False,False,False
fixed_order_cost_big_m_0012,Qwen3-8B_k0,0,True,572.0,0,8,1.0,1.0,572.0,0.0,False,False,False,False
fixed_order_cost_big_m_0012,Qwen3-8B_k1,1,True,572.0,0,8,1.0,1.0,572.0,0.0,True,True,True,False
fixed_order_cost_big_m_0012,Qwen3-8B_k2,2,True,572.0,0,8,1.0,1.0,572.0,0.0,False,False,False,False
fixed_order_cost_big_m_0012,Qwen3-8B_k3,3,True,572.0,0,8,1.0,1.0,572.0,0.0,False,False,False,False
fixed_order_cost_big_m_0012,Qwen3-8B_k4,4,True,572.0,0,8,1.0,1.0,572.0,0.0,False,False,False,True
fixed_order_cost_big_m_0012,Qwen3-8B_k5,5,True,572.0,0,8,1.0,1.0,572.0,0.0,False,False,False,False
fixed_order_cost_big_m_0012,Qwen3-8B_k6,6,True,572.0,0,8,1.0,1.0,572.0,0.0,False,False,False,False
fixed_order_cost_big_m_0012,Qwen3-8B_k7,7,True,572.0,0,8,1.0,1.0,572.0,0.0,False,False,False,False
fixed_order_cost_big_m_0013,Qwen3-8B_k0,0,True,1096.0,0,8,1.0,1.0,1096.0,0.0,False,False,False,False
fixed_order_cost_big_m_0013,Qwen3-8B_k1,1,True,1096.0,0,8,1.0,1.0,1096.0,0.0,False,True,False,False
fixed_order_cost_big_m_0013,Qwen3-8B_k2,2,True,1096.0,0,8,1.0,1.0,1096.0,0.0,False,False,False,False
fixed_order_cost_big_m_0013,Qwen3-8B_k3,3,True,1096.0,0,8,1.0,1.0,1096.0,0.0,True,False,True,False
fixed_order_cost_big_m_0013,Qwen3-8B_k4,4,True,1096.0,0,8,1.0,1.0,1096.0,0.0,False,False,False,False
fixed_order_cost_big_m_0013,Qwen3-8B_k5,5,True,1096.0,0,8,1.0,1.0,1096.0,0.0,False,False,False,False
fixed_order_cost_big_m_0013,Qwen3-8B_k6,6,True,1096.0,0,8,1.0,1.0,1096.0,0.0,False,False,False,True
fixed_order_cost_big_m_0013,Qwen3-8B_k7,7,True,1096.0,0,8,1.0,1.0,1096.0,0.0,False,False,False,False
fixed_order_cost_big_m_0014,Qwen3-8B_k0,0,True,741.0,1,7,0.875,1.0,741.0,0.0,False,False,False,False
fixed_order_cost_big_m_0014,Qwen3-8B_k1,1,True,741.0,1,7,0.875,1.0,741.0,0.0,True,True,True,False
fixed_order_cost_big_m_0014,Qwen3-8B_k2,2,True,741.0,1,7,0.875,1.0,741.0,0.0,False,False,False,False
fixed_order_cost_big_m_0014,Qwen3-8B_k3,3,True,741.0,1,7,0.875,1.0,741.0,0.0,False,False,False,False
fixed_order_cost_big_m_0014,Qwen3-8B_k4,4,True,741.0,1,7,0.875,1.0,741.0,0.0,False,False,False,True
fixed_order_cost_big_m_0014,Qwen3-8B_k5,5,True,741.0,1,7,0.875,1.0,741.0,0.0,False,False,False,False
fixed_order_cost_big_m_0014,Qwen3-8B_k6,6,True,717.0,0,1,0.125,0.125,717.0,0.0,False,False,False,False
fixed_order_cost_big_m_0014,Qwen3-8B_k7,7,True,741.0,1,7,0.875,1.0,741.0,0.0,False,False,False,False
fixed_order_cost_big_m_0015,Qwen3-8B_k0,0,True,934.0,0,8,1.0,1.0,934.0,0.0,False,False,False,False
fixed_order_cost_big_m_0015,Qwen3-8B_k1,1,True,934.0,0,8,1.0,1.0,934.0,0.0,True,True,True,False
fixed_order_cost_big_m_0015,Qwen3-8B_k2,2,True,934.0,0,8,1.0,1.0,934.0,0.0,False,False,False,True
fixed_order_cost_big_m_0015,Qwen3-8B_k3,3,True,934.0,0,8,1.0,1.0,934.0,0.0,False,False,False,False
fixed_order_cost_big_m_0015,Qwen3-8B_k4,4,True,934.0,0,8,1.0,1.0,934.0,0.0,False,False,False,False
fixed_order_cost_big_m_0015,Qwen3-8B_k5,5,True,934.0,0,8,1.0,1.0,934.0,0.0,False,False,False,False
fixed_order_cost_big_m_0015,Qwen3-8B_k6,6,True,934.0,0,8,1.0,1.0,934.0,0.0,False,False,False,False
fixed_order_cost_big_m_0015,Qwen3-8B_k7,7,True,934.0,0,8,1.0,1.0,934.0,0.0,False,False,False,False
fixed_order_cost_big_m_0016,Qwen3-8B_k0,0,True,367.0,0,8,1.0,1.0,367.0,0.0,False,False,False,False
fixed_order_cost_big_m_0016,Qwen3-8B_k1,1,True,367.0,0,8,1.0,1.0,367.0,0.0,False,False,False,False
fixed_order_cost_big_m_0016,Qwen3-8B_k2,2,True,367.0,0,8,1.0,1.0,367.0,0.0,False,False,False,False
fixed_order_cost_big_m_0016,Qwen3-8B_k3,3,True,367.0,0,8,1.0,1.0,367.0,0.0,False,False,False,False
fixed_order_cost_big_m_0016,Qwen3-8B_k4,4,True,367.0,0,8,1.0,1.0,367.0,0.0,False,False,False,False
fixed_order_cost_big_m_0016,Qwen3-8B_k5,5,True,367.0,0,8,1.0,1.0,367.0,0.0,False,False,False,False
fixed_order_cost_big_m_0016,Qwen3-8B_k6,6,True,367.0,0,8,1.0,1.0,367.0,0.0,True,True,True,True
fixed_order_cost_big_m_0016,Qwen3-8B_k7,7,True,367.0,0,8,1.0,1.0,367.0,0.0,False,False,False,False
fixed_order_cost_big_m_0017,Qwen3-8B_k0,0,True,884.0,0,8,1.0,1.0,884.0,0.0,False,True,False,True
fixed_order_cost_big_m_0017,Qwen3-8B_k1,1,True,884.0,0,8,1.0,1.0,884.0,0.0,True,False,True,False
fixed_order_cost_big_m_0017,Qwen3-8B_k2,2,True,884.0,0,8,1.0,1.0,884.0,0.0,False,False,False,False
fixed_order_cost_big_m_0017,Qwen3-8B_k3,3,True,884.0,0,8,1.0,1.0,884.0,0.0,False,False,False,False
fixed_order_cost_big_m_0017,Qwen3-8B_k4,4,True,884.0,0,8,1.0,1.0,884.0,0.0,False,False,False,False
fixed_order_cost_big_m_0017,Qwen3-8B_k5,5,True,884.0,0,8,1.0,1.0,884.0,0.0,False,False,False,False
fixed_order_cost_big_m_0017,Qwen3-8B_k6,6,True,884.0,0,8,1.0,1.0,884.0,0.0,False,False,False,False
fixed_order_cost_big_m_0017,Qwen3-8B_k7,7,True,884.0,0,8,1.0,1.0,884.0,0.0,False,False,False,False
fixed_order_cost_big_m_0018,Qwen3-8B_k0,0,True,660.0,0,8,1.0,1.0,660.0,0.0,False,True,False,False
fixed_order_cost_big_m_0018,Qwen3-8B_k1,1,True,660.0,0,8,1.0,1.0,660.0,0.0,True,False,True,False
fixed_order_cost_big_m_0018,Qwen3-8B_k2,2,True,660.0,0,8,1.0,1.0,660.0,0.0,False,False,False,False
fixed_order_cost_big_m_0018,Qwen3-8B_k3,3,True,660.0,0,8,1.0,1.0,660.0,0.0,False,False,False,True
fixed_order_cost_big_m_0018,Qwen3-8B_k4,4,True,660.0,0,8,1.0,1.0,660.0,0.0,False,False,False,False
fixed_order_cost_big_m_0018,Qwen3-8B_k5,5,True,660.0,0,8,1.0,1.0,660.0,0.0,False,False,False,False
fixed_order_cost_big_m_0018,Qwen3-8B_k6,6,True,660.0,0,8,1.0,1.0,660.0,0.0,False,False,False,False
fixed_order_cost_big_m_0018,Qwen3-8B_k7,7,True,660.0,0,8,1.0,1.0,660.0,0.0,False,False,False,False
fixed_order_cost_big_m_0019,Qwen3-8B_k0,0,True,834.0,0,7,1.0,1.0,834.0,0.0,False,False,False,False
fixed_order_cost_big_m_0019,Qwen3-8B_k1,1,True,834.0,0,7,1.0,1.0,834.0,0.0,True,True,True,True
fixed_order_cost_big_m_0019,Qwen3-8B_k2,2,True,834.0,0,7,1.0,1.0,834.0,0.0,False,False,False,False
fixed_order_cost_big_m_0019,Qwen3-8B_k3,3,True,834.0,0,7,1.0,1.0,834.0,0.0,False,False,False,False
fixed_order_cost_big_m_0019,Qwen3-8B_k4,4,True,834.0,0,7,1.0,1.0,834.0,0.0,False,False,False,False
fixed_order_cost_big_m_0019,Qwen3-8B_k5,5,True,834.0,0,7,1.0,1.0,834.0,0.0,False,False,False,False
fixed_order_cost_big_m_0019,Qwen3-8B_k6,6,True,834.0,0,7,1.0,1.0,834.0,0.0,False,False,False,False
fixed_order_cost_big_m_0019,Qwen3-8B_k7,7,False,557.97752825,,0,0.0,0.0,,,False,False,False,False
