problem_id,problem_type,full_candidate_id,full_candidate_rank,structure_candidate_id,structure_candidate_rank,same_candidate,full_objective_correct_posthoc,structure_objective_correct_posthoc,full_objective_value,structure_objective_value,full_structure_score,structure_structure_score,full_constraint_coverage,structure_constraint_coverage,full_objective_consensus_score,structure_objective_consensus_score,full_objective_cluster_size,structure_objective_cluster_size,full_objective_term_coverage,structure_objective_term_coverage,full_objective_term_lp_coefficient_coverage,structure_objective_term_lp_coefficient_coverage,full_static_validation_score,structure_static_validation_score,full_type_aware_score,structure_type_aware_score,full_solver_status,structure_solver_status,full_runtime,structure_runtime,diagnostic_reason
fixed_order_cost_big_m_0000,fixed_order_cost_big_m,Qwen3-8B_k5,5,Qwen3-8B_k5,5,True,1.0,1.0,830.0,830.0,0.875,0.875,1.0,,1.0,1.0,7,7,1.0,1.0,1.0,1.0,1.0,1.0,1.0,,Optimal,Optimal,0.10681168304290622,0.10681168304290622,same_candidate_due_to_structure_dominance
fixed_order_cost_big_m_0001,fixed_order_cost_big_m,Qwen3-8B_k3,3,Qwen3-8B_k3,3,True,1.0,1.0,558.0,558.0,0.86,0.86,1.0,,1.0,1.0,8,8,1.0,1.0,1.0,1.0,1.0,1.0,1.0,,Optimal,Optimal,0.12117960792966187,0.12117960792966187,same_candidate_due_to_structure_dominance
fixed_order_cost_big_m_0002,fixed_order_cost_big_m,Qwen3-8B_k5,5,Qwen3-8B_k5,5,True,1.0,1.0,826.0,826.0,0.875,0.875,1.0,,1.0,1.0,8,8,1.0,1.0,1.0,1.0,1.0,1.0,1.0,,Optimal,Optimal,0.11871846101712435,0.11871846101712435,same_candidate_due_to_structure_dominance
fixed_order_cost_big_m_0003,fixed_order_cost_big_m,Qwen3-8B_k0,0,Qwen3-8B_k0,0,True,1.0,1.0,1149.0,1149.0,0.85,0.85,1.0,,1.0,1.0,8,8,1.0,1.0,1.0,1.0,1.0,1.0,1.0,,Optimal,Optimal,0.1207635949831456,0.1207635949831456,same_candidate_due_to_structure_dominance
fixed_order_cost_big_m_0004,fixed_order_cost_big_m,Qwen3-8B_k4,4,Qwen3-8B_k4,4,True,1.0,1.0,190.0,190.0,0.875,0.875,1.0,,1.0,1.0,7,7,1.0,1.0,1.0,1.0,1.0,1.0,1.0,,Optimal,Optimal,0.10647754499223083,0.10647754499223083,same_candidate_due_to_structure_dominance
fixed_order_cost_big_m_0005,fixed_order_cost_big_m,Qwen3-8B_k1,1,Qwen3-8B_k1,1,True,1.0,1.0,785.0,785.0,0.875,0.875,1.0,,1.0,1.0,7,7,1.0,1.0,1.0,1.0,1.0,1.0,1.0,,Optimal,Optimal,0.11769354494754225,0.11769354494754225,same_candidate_due_to_structure_dominance
fixed_order_cost_big_m_0006,fixed_order_cost_big_m,Qwen3-8B_k6,6,Qwen3-8B_k6,6,True,1.0,1.0,1286.0,1286.0,0.875,0.875,1.0,,0.8571428571428571,0.8571428571428571,6,6,1.0,1.0,1.0,1.0,1.0,1.0,1.0,,Optimal,Optimal,0.11305247200652957,0.11305247200652957,same_candidate_due_to_structure_dominance
fixed_order_cost_big_m_0007,fixed_order_cost_big_m,Qwen3-8B_k1,1,Qwen3-8B_k1,1,True,1.0,1.0,409.0,409.0,0.875,0.875,1.0,,0.8571428571428571,0.8571428571428571,6,6,1.0,1.0,1.0,1.0,1.0,1.0,1.0,,Optimal,Optimal,0.10894349997397512,0.10894349997397512,same_candidate_due_to_structure_dominance
fixed_order_cost_big_m_0008,fixed_order_cost_big_m,Qwen3-8B_k3,3,Qwen3-8B_k1,1,False,0.0,1.0,316.0,461.0,0.835,0.835,1.0,,0.7142857142857143,0.2857142857142857,5,2,1.0,1.0,1.0,1.0,1.0,1.0,1.0,,Optimal,Optimal,0.11162137298379093,0.10141613206360489,bestofk_selected_different_correct_candidate
fixed_order_cost_big_m_0009,fixed_order_cost_big_m,Qwen3-8B_k1,1,Qwen3-8B_k1,1,True,1.0,1.0,324.0,324.0,0.875,0.875,1.0,,1.0,1.0,7,7,1.0,1.0,1.0,1.0,1.0,1.0,1.0,,Optimal,Optimal,0.11928859306499362,0.11928859306499362,same_candidate_due_to_structure_dominance
fixed_order_cost_big_m_0010,fixed_order_cost_big_m,Qwen3-8B_k3,3,Qwen3-8B_k3,3,True,1.0,1.0,430.0,430.0,0.875,0.875,1.0,,1.0,1.0,7,7,1.0,1.0,1.0,1.0,1.0,1.0,1.0,,Optimal,Optimal,0.10817754000891,0.10817754000891,same_candidate_due_to_structure_dominance
fixed_order_cost_big_m_0011,fixed_order_cost_big_m,Qwen3-8B_k3,3,Qwen3-8B_k0,0,False,1.0,1.0,1322.0,1322.0,0.875,0.875,1.0,,0.8333333333333334,0.8333333333333334,5,5,1.0,0.6666666666666666,1.0,0.6666666666666666,1.0,1.0,1.0,,Optimal,Optimal,0.11153942905366421,0.11957392003387213,objective_terms_disagree_with_structure
fixed_order_cost_big_m_0012,fixed_order_cost_big_m,Qwen3-8B_k1,1,Qwen3-8B_k1,1,True,1.0,1.0,572.0,572.0,0.875,0.875,1.0,,1.0,1.0,8,8,1.0,1.0,1.0,1.0,1.0,1.0,1.0,,Optimal,Optimal,0.11008245090488344,0.11008245090488344,same_candidate_due_to_structure_dominance
fixed_order_cost_big_m_0013,fixed_order_cost_big_m,Qwen3-8B_k3,3,Qwen3-8B_k1,1,False,1.0,1.0,1096.0,1096.0,0.875,0.875,1.0,,1.0,1.0,7,7,1.0,0.6666666666666666,1.0,0.6666666666666666,1.0,1.0,1.0,,Optimal,Optimal,0.11597887298557907,0.1111887899460271,objective_terms_disagree_with_structure
fixed_order_cost_big_m_0014,fixed_order_cost_big_m,Qwen3-8B_k1,1,Qwen3-8B_k1,1,True,1.0,1.0,741.0,741.0,0.875,0.875,1.0,,0.875,0.875,7,7,1.0,1.0,1.0,1.0,1.0,1.0,1.0,,Optimal,Optimal,0.11487565003335476,0.11487565003335476,same_candidate_due_to_structure_dominance
fixed_order_cost_big_m_0015,fixed_order_cost_big_m,Qwen3-8B_k3,3,Qwen3-8B_k3,3,True,1.0,1.0,934.0,934.0,0.875,0.875,1.0,,1.0,1.0,8,8,1.0,1.0,1.0,1.0,1.0,1.0,1.0,,Optimal,Optimal,0.11630993499420583,0.11630993499420583,same_candidate_due_to_structure_dominance
fixed_order_cost_big_m_0016,fixed_order_cost_big_m,Qwen3-8B_k1,1,Qwen3-8B_k1,1,True,1.0,1.0,367.0,367.0,0.875,0.875,1.0,,0.875,0.875,7,7,1.0,1.0,1.0,1.0,1.0,1.0,1.0,,Optimal,Optimal,0.11933210503775626,0.11933210503775626,same_candidate_due_to_structure_dominance
fixed_order_cost_big_m_0017,fixed_order_cost_big_m,Qwen3-8B_k5,5,Qwen3-8B_k0,0,False,1.0,1.0,884.0,884.0,0.875,0.875,1.0,,0.875,0.875,7,7,1.0,0.6666666666666666,1.0,0.6666666666666666,1.0,1.0,1.0,,Optimal,Optimal,0.11399573599919677,0.12142388697247952,objective_terms_disagree_with_structure
fixed_order_cost_big_m_0018,fixed_order_cost_big_m,Qwen3-8B_k4,4,Qwen3-8B_k0,0,False,1.0,1.0,660.0,660.0,0.875,0.875,1.0,,0.875,0.875,7,7,1.0,0.6666666666666666,1.0,0.6666666666666666,1.0,1.0,1.0,,Optimal,Optimal,0.11731957306619734,0.11181560799013823,objective_terms_disagree_with_structure
fixed_order_cost_big_m_0019,fixed_order_cost_big_m,Qwen3-8B_k4,4,Qwen3-8B_k4,4,True,1.0,1.0,834.0,834.0,0.875,0.875,1.0,,0.75,0.75,6,6,1.0,1.0,1.0,1.0,1.0,1.0,1.0,,Optimal,Optimal,0.12983196997083724,0.12983196997083724,same_candidate_due_to_structure_dominance
multi_item_capacity_0000,multi_item_capacity,Qwen3-8B_k3,3,Qwen3-8B_k3,3,True,1.0,1.0,420.0,420.0,0.8125,0.8125,1.0,,1.0,1.0,4,4,1.0,1.0,1.0,1.0,1.0,1.0,1.0,,Optimal,Optimal,0.11039847403299063,0.11039847403299063,same_candidate_due_to_structure_dominance
multi_item_capacity_0001,multi_item_capacity,Qwen3-8B_k3,3,Qwen3-8B_k3,3,True,1.0,1.0,765.0,765.0,0.8125,0.8125,1.0,,0.75,0.75,6,6,1.0,1.0,1.0,1.0,1.0,1.0,1.0,,Optimal,Optimal,0.12324722402263433,0.12324722402263433,same_candidate_due_to_structure_dominance
multi_item_capacity_0002,multi_item_capacity,Qwen3-8B_k0,0,Qwen3-8B_k0,0,True,1.0,1.0,1286.0,1286.0,0.71875,0.71875,0.875,,0.8571428571428571,0.8571428571428571,6,6,1.0,1.0,1.0,1.0,1.0,1.0,1.0,,Optimal,Optimal,0.12032380898017436,0.12032380898017436,same_candidate_due_to_structure_dominance
multi_item_capacity_0003,multi_item_capacity,Qwen3-8B_k3,3,Qwen3-8B_k3,3,True,0.0,0.0,1111.333334,1111.333334,0.8125,0.8125,1.0,,0.0,0.0,0,0,1.0,1.0,1.0,1.0,1.0,1.0,1.0,,Infeasible,Infeasible,0.1023127370281145,0.1023127370281145,same_candidate_due_to_structure_dominance
multi_item_capacity_0004,multi_item_capacity,Qwen3-8B_k1,1,Qwen3-8B_k1,1,True,1.0,1.0,1488.0,1488.0,0.875,0.875,1.0,,1.0,1.0,8,8,1.0,1.0,1.0,1.0,1.0,1.0,1.0,,Optimal,Optimal,0.1327457360457629,0.1327457360457629,same_candidate_due_to_structure_dominance
multi_item_capacity_0005,multi_item_capacity,Qwen3-8B_k7,7,Qwen3-8B_k7,7,True,0.0,0.0,1416.25,1416.25,0.8125,0.8125,1.0,,0.0,0.0,0,0,1.0,1.0,1.0,1.0,1.0,1.0,1.0,,Infeasible,Infeasible,0.11365198995918036,0.11365198995918036,same_candidate_due_to_structure_dominance
multi_item_capacity_0006,multi_item_capacity,Qwen3-8B_k3,3,Qwen3-8B_k3,3,True,1.0,1.0,964.0,964.0,0.8125,0.8125,1.0,,1.0,1.0,7,7,1.0,1.0,1.0,1.0,1.0,1.0,1.0,,Optimal,Optimal,0.11073889408726245,0.11073889408726245,same_candidate_due_to_structure_dominance
multi_item_capacity_0007,multi_item_capacity,Qwen3-8B_k3,3,Qwen3-8B_k3,3,True,0.0,0.0,1519.4166639999999,1519.4166639999999,0.8125,0.8125,1.0,,0.0,0.0,0,0,1.0,1.0,1.0,1.0,1.0,1.0,1.0,,Infeasible,Infeasible,0.10946057201363146,0.10946057201363146,same_candidate_due_to_structure_dominance
multi_item_capacity_0008,multi_item_capacity,Qwen3-8B_k3,3,Qwen3-8B_k3,3,True,1.0,1.0,600.0,600.0,0.8125,0.8125,1.0,,1.0,1.0,8,8,1.0,1.0,1.0,1.0,1.0,1.0,1.0,,Optimal,Optimal,0.11092579504474998,0.11092579504474998,same_candidate_due_to_structure_dominance
multi_item_capacity_0009,multi_item_capacity,Qwen3-8B_k3,3,Qwen3-8B_k3,3,True,1.0,1.0,360.0,360.0,0.8125,0.8125,1.0,,1.0,1.0,8,8,1.0,1.0,1.0,1.0,1.0,1.0,1.0,,Optimal,Optimal,0.11216294998303056,0.11216294998303056,same_candidate_due_to_structure_dominance
multi_item_capacity_0010,multi_item_capacity,Qwen3-8B_k3,3,Qwen3-8B_k3,3,True,1.0,1.0,916.0,916.0,0.8125,0.8125,1.0,,1.0,1.0,5,5,1.0,1.0,1.0,1.0,1.0,1.0,1.0,,Optimal,Optimal,0.11287811398506165,0.11287811398506165,same_candidate_due_to_structure_dominance
multi_item_capacity_0011,multi_item_capacity,Qwen3-8B_k0,0,Qwen3-8B_k0,0,True,0.0,0.0,413.5,413.5,0.71875,0.71875,0.875,,0.0,0.0,0,0,1.0,1.0,1.0,1.0,1.0,1.0,1.0,,Infeasible,Infeasible,0.11649901000782847,0.11649901000782847,same_candidate_due_to_structure_dominance
multi_item_capacity_0012,multi_item_capacity,Qwen3-8B_k2,2,Qwen3-8B_k2,2,True,0.0,0.0,1170.75,1170.75,0.8125,0.8125,1.0,,0.0,0.0,0,0,1.0,1.0,1.0,1.0,1.0,1.0,1.0,,Infeasible,Infeasible,0.12056766706518829,0.12056766706518829,same_candidate_due_to_structure_dominance
multi_item_capacity_0013,multi_item_capacity,Qwen3-8B_k1,1,Qwen3-8B_k1,1,True,0.0,0.0,4452.0,4452.0,0.71875,0.71875,0.875,,1.0,1.0,1,1,1.0,1.0,1.0,1.0,1.0,1.0,1.0,,Optimal,Optimal,0.11632536398246884,0.11632536398246884,same_candidate_due_to_structure_dominance
multi_item_capacity_0014,multi_item_capacity,Qwen3-8B_k0,0,Qwen3-8B_k0,0,True,1.0,1.0,803.0,803.0,0.71875,0.71875,0.875,,1.0,1.0,8,8,1.0,1.0,1.0,1.0,1.0,1.0,1.0,,Optimal,Optimal,0.1130898529663682,0.1130898529663682,same_candidate_due_to_structure_dominance
multi_item_capacity_0015,multi_item_capacity,Qwen3-8B_k3,3,Qwen3-8B_k3,3,True,1.0,1.0,1788.0,1788.0,0.8125,0.8125,1.0,,1.0,1.0,4,4,1.0,1.0,1.0,1.0,1.0,1.0,1.0,,Optimal,Optimal,0.1142506250180304,0.1142506250180304,same_candidate_due_to_structure_dominance
multi_item_capacity_0016,multi_item_capacity,Qwen3-8B_k3,3,Qwen3-8B_k3,3,True,0.0,0.0,1857.9999971999998,1857.9999971999998,0.8125,0.8125,1.0,,0.0,0.0,0,0,1.0,1.0,1.0,1.0,1.0,1.0,1.0,,Infeasible,Infeasible,0.1104073510505259,0.1104073510505259,same_candidate_due_to_structure_dominance
multi_item_capacity_0017,multi_item_capacity,Qwen3-8B_k0,0,Qwen3-8B_k0,0,True,1.0,1.0,1501.0,1501.0,0.71875,0.71875,0.875,,1.0,1.0,2,2,1.0,1.0,1.0,1.0,1.0,1.0,1.0,,Optimal,Optimal,0.11165912402793765,0.11165912402793765,same_candidate_due_to_structure_dominance
multi_item_capacity_0018,multi_item_capacity,Qwen3-8B_k0,0,Qwen3-8B_k0,0,True,0.0,0.0,1158.0,1158.0,0.71875,0.71875,0.875,,0.0,0.0,0,0,1.0,1.0,1.0,1.0,1.0,1.0,1.0,,Infeasible,Infeasible,0.11428027006331831,0.11428027006331831,same_candidate_due_to_structure_dominance
multi_item_capacity_0019,multi_item_capacity,Qwen3-8B_k0,0,Qwen3-8B_k0,0,True,0.0,0.0,1349.0000019999998,1349.0000019999998,0.71875,0.71875,0.875,,0.0,0.0,0,0,1.0,1.0,1.0,1.0,1.0,1.0,1.0,,Infeasible,Infeasible,0.11640432197600603,0.11640432197600603,same_candidate_due_to_structure_dominance
single_item_multi_period_0000,single_item_multi_period,Qwen3-8B_k0,0,Qwen3-8B_k0,0,True,1.0,1.0,666.0,666.0,0.8571428571428571,0.8571428571428571,1.0,,1.0,1.0,8,8,1.0,1.0,1.0,1.0,1.0,1.0,1.0,,Optimal,Optimal,0.10780655196867883,0.10780655196867883,same_candidate_due_to_structure_dominance
single_item_multi_period_0001,single_item_multi_period,Qwen3-8B_k0,0,Qwen3-8B_k0,0,True,1.0,1.0,116.0,116.0,0.8571428571428571,0.8571428571428571,1.0,,0.875,0.875,7,7,1.0,1.0,1.0,1.0,1.0,1.0,1.0,,Optimal,Optimal,0.100766860996373,0.100766860996373,same_candidate_due_to_structure_dominance
single_item_multi_period_0002,single_item_multi_period,Qwen3-8B_k0,0,Qwen3-8B_k0,0,True,1.0,1.0,472.0,472.0,0.8571428571428571,0.8571428571428571,1.0,,1.0,1.0,8,8,1.0,1.0,1.0,1.0,1.0,1.0,1.0,,Optimal,Optimal,0.10646271705627441,0.10646271705627441,same_candidate_due_to_structure_dominance
single_item_multi_period_0003,single_item_multi_period,Qwen3-8B_k0,0,Qwen3-8B_k0,0,True,1.0,1.0,700.0,700.0,0.8571428571428571,0.8571428571428571,1.0,,1.0,1.0,8,8,1.0,1.0,1.0,1.0,1.0,1.0,1.0,,Optimal,Optimal,0.0957429789705202,0.0957429789705202,same_candidate_due_to_structure_dominance
single_item_multi_period_0004,single_item_multi_period,Qwen3-8B_k0,0,Qwen3-8B_k0,0,True,1.0,1.0,147.0,147.0,0.8571428571428571,0.8571428571428571,1.0,,1.0,1.0,8,8,1.0,1.0,1.0,1.0,1.0,1.0,1.0,,Optimal,Optimal,0.1014770669862628,0.1014770669862628,same_candidate_due_to_structure_dominance
single_item_multi_period_0005,single_item_multi_period,Qwen3-8B_k0,0,Qwen3-8B_k0,0,True,1.0,1.0,588.0,588.0,0.8571428571428571,0.8571428571428571,1.0,,1.0,1.0,8,8,1.0,1.0,1.0,1.0,1.0,1.0,1.0,,Optimal,Optimal,0.11673166800756007,0.11673166800756007,same_candidate_due_to_structure_dominance
single_item_multi_period_0006,single_item_multi_period,Qwen3-8B_k0,0,Qwen3-8B_k0,0,True,1.0,1.0,1090.0,1090.0,0.8571428571428571,0.8571428571428571,1.0,,1.0,1.0,8,8,1.0,1.0,1.0,1.0,1.0,1.0,1.0,,Optimal,Optimal,0.11398362193722278,0.11398362193722278,same_candidate_due_to_structure_dominance
single_item_multi_period_0007,single_item_multi_period,Qwen3-8B_k0,0,Qwen3-8B_k0,0,True,1.0,1.0,468.0,468.0,0.8571428571428571,0.8571428571428571,1.0,,0.8571428571428571,0.8571428571428571,6,6,1.0,1.0,1.0,1.0,1.0,1.0,1.0,,Optimal,Optimal,0.10503101604990661,0.10503101604990661,same_candidate_due_to_structure_dominance
single_item_multi_period_0008,single_item_multi_period,Qwen3-8B_k0,0,Qwen3-8B_k0,0,True,1.0,1.0,585.0,585.0,0.8571428571428571,0.8571428571428571,1.0,,1.0,1.0,8,8,1.0,1.0,1.0,1.0,1.0,1.0,1.0,,Optimal,Optimal,0.1156706630717963,0.1156706630717963,same_candidate_due_to_structure_dominance
single_item_multi_period_0009,single_item_multi_period,Qwen3-8B_k0,0,Qwen3-8B_k0,0,True,1.0,1.0,630.0,630.0,0.8571428571428571,0.8571428571428571,1.0,,0.5,0.5,4,4,1.0,1.0,1.0,1.0,1.0,1.0,1.0,,Optimal,Optimal,0.1049484609393403,0.1049484609393403,same_candidate_due_to_structure_dominance
single_item_multi_period_0010,single_item_multi_period,Qwen3-8B_k1,1,Qwen3-8B_k1,1,True,1.0,1.0,860.0,860.0,0.8571428571428571,0.8571428571428571,1.0,,1.0,1.0,8,8,1.0,1.0,1.0,1.0,1.0,1.0,1.0,,Optimal,Optimal,0.11348657903727144,0.11348657903727144,same_candidate_due_to_structure_dominance
single_item_multi_period_0011,single_item_multi_period,Qwen3-8B_k0,0,Qwen3-8B_k0,0,True,1.0,1.0,182.0,182.0,0.8571428571428571,0.8571428571428571,1.0,,0.75,0.75,6,6,1.0,1.0,1.0,1.0,1.0,1.0,1.0,,Optimal,Optimal,0.10526568803470582,0.10526568803470582,same_candidate_due_to_structure_dominance
single_item_multi_period_0012,single_item_multi_period,Qwen3-8B_k0,0,Qwen3-8B_k0,0,True,1.0,1.0,438.0,438.0,0.8571428571428571,0.8571428571428571,1.0,,1.0,1.0,8,8,1.0,1.0,1.0,1.0,1.0,1.0,1.0,,Optimal,Optimal,0.1044305469840765,0.1044305469840765,same_candidate_due_to_structure_dominance
single_item_multi_period_0013,single_item_multi_period,Qwen3-8B_k0,0,Qwen3-8B_k0,0,True,1.0,1.0,920.0,920.0,0.8571428571428571,0.8571428571428571,1.0,,1.0,1.0,8,8,1.0,1.0,1.0,1.0,1.0,1.0,1.0,,Optimal,Optimal,0.1043267420027405,0.1043267420027405,same_candidate_due_to_structure_dominance
single_item_multi_period_0014,single_item_multi_period,Qwen3-8B_k0,0,Qwen3-8B_k0,0,True,1.0,1.0,580.0,580.0,0.8571428571428571,0.8571428571428571,1.0,,1.0,1.0,8,8,1.0,1.0,1.0,1.0,1.0,1.0,1.0,,Optimal,Optimal,0.09821882203686982,0.09821882203686982,same_candidate_due_to_structure_dominance
single_item_multi_period_0015,single_item_multi_period,Qwen3-8B_k0,0,Qwen3-8B_k0,0,True,1.0,1.0,304.0,304.0,0.8571428571428571,0.8571428571428571,1.0,,1.0,1.0,8,8,1.0,1.0,1.0,1.0,1.0,1.0,1.0,,Optimal,Optimal,0.09955597599036992,0.09955597599036992,same_candidate_due_to_structure_dominance
single_item_multi_period_0016,single_item_multi_period,Qwen3-8B_k0,0,Qwen3-8B_k0,0,True,1.0,1.0,150.0,150.0,0.8571428571428571,0.8571428571428571,1.0,,1.0,1.0,8,8,1.0,1.0,1.0,1.0,1.0,1.0,1.0,,Optimal,Optimal,0.10012468497734517,0.10012468497734517,same_candidate_due_to_structure_dominance
single_item_multi_period_0017,single_item_multi_period,Qwen3-8B_k0,0,Qwen3-8B_k0,0,True,1.0,1.0,972.0,972.0,0.8571428571428571,0.8571428571428571,1.0,,0.625,0.625,5,5,1.0,1.0,1.0,1.0,1.0,1.0,1.0,,Optimal,Optimal,0.10297164600342512,0.10297164600342512,same_candidate_due_to_structure_dominance
single_item_multi_period_0018,single_item_multi_period,Qwen3-8B_k0,0,Qwen3-8B_k0,0,True,1.0,1.0,616.0,616.0,0.8571428571428571,0.8571428571428571,1.0,,1.0,1.0,8,8,1.0,1.0,1.0,1.0,1.0,1.0,1.0,,Optimal,Optimal,0.10161287209484726,0.10161287209484726,same_candidate_due_to_structure_dominance
single_item_multi_period_0019,single_item_multi_period,Qwen3-8B_k0,0,Qwen3-8B_k0,0,True,1.0,1.0,827.0,827.0,0.8571428571428571,0.8571428571428571,1.0,,1.0,1.0,8,8,1.0,1.0,1.0,1.0,1.0,1.0,1.0,,Optimal,Optimal,0.10955673200078309,0.10955673200078309,same_candidate_due_to_structure_dominance
single_item_multi_period_shortage_0000,single_item_multi_period_shortage,Qwen3-8B_k1,1,Qwen3-8B_k0,0,False,1.0,0.0,444.0,896.0,0.8611111111111112,0.8611111111111112,1.0,,0.8571428571428571,0.14285714285714285,6,1,1.0,1.0,1.0,1.0,1.0,1.0,1.0,,Optimal,Optimal,0.10546904895454645,0.10475214198231697,structure_selected_wrong_objective
single_item_multi_period_shortage_0001,single_item_multi_period_shortage,Qwen3-8B_k3,3,Qwen3-8B_k0,0,False,1.0,0.0,740.0,1136.0,0.8611111111111112,0.8611111111111112,1.0,,0.625,0.25,5,2,1.0,1.0,1.0,1.0,1.0,1.0,1.0,,Optimal,Optimal,0.11614367191214114,0.10353854100685567,structure_selected_wrong_objective
single_item_multi_period_shortage_0002,single_item_multi_period_shortage,Qwen3-8B_k0,0,Qwen3-8B_k0,0,True,1.0,1.0,524.0,524.0,0.8611111111111112,0.8611111111111112,1.0,,0.875,0.875,7,7,1.0,1.0,1.0,1.0,1.0,1.0,1.0,,Optimal,Optimal,0.11689874203875661,0.11689874203875661,same_candidate_due_to_structure_dominance
single_item_multi_period_shortage_0003,single_item_multi_period_shortage,Qwen3-8B_k3,3,Qwen3-8B_k3,3,True,1.0,1.0,420.0,420.0,0.8611111111111112,0.8611111111111112,1.0,,1.0,1.0,6,6,1.0,1.0,1.0,1.0,1.0,1.0,1.0,,Optimal,Optimal,0.10829979996196926,0.10829979996196926,same_candidate_due_to_structure_dominance
single_item_multi_period_shortage_0004,single_item_multi_period_shortage,Qwen3-8B_k1,1,Qwen3-8B_k1,1,True,0.0,0.0,1438.0,1438.0,0.8611111111111112,0.8611111111111112,1.0,,0.5,0.5,4,4,1.0,1.0,1.0,1.0,1.0,1.0,1.0,,Optimal,Optimal,0.12541157193481922,0.12541157193481922,same_candidate_due_to_structure_dominance
single_item_multi_period_shortage_0005,single_item_multi_period_shortage,Qwen3-8B_k1,1,Qwen3-8B_k1,1,True,0.0,0.0,1003.0,1003.0,0.8611111111111112,0.8611111111111112,1.0,,0.14285714285714285,0.14285714285714285,1,1,1.0,1.0,1.0,1.0,1.0,1.0,1.0,,Optimal,Optimal,0.11045045196078718,0.11045045196078718,same_candidate_due_to_structure_dominance
single_item_multi_period_shortage_0006,single_item_multi_period_shortage,Qwen3-8B_k6,6,Qwen3-8B_k6,6,True,1.0,1.0,198.0,198.0,0.8611111111111112,0.8611111111111112,1.0,,0.8571428571428571,0.8571428571428571,6,6,1.0,1.0,1.0,1.0,1.0,1.0,1.0,,Optimal,Optimal,0.11072007799521089,0.11072007799521089,same_candidate_due_to_structure_dominance
single_item_multi_period_shortage_0007,single_item_multi_period_shortage,Qwen3-8B_k1,1,Qwen3-8B_k1,1,True,1.0,1.0,815.0,815.0,0.8611111111111112,0.8611111111111112,1.0,,0.75,0.75,6,6,1.0,1.0,1.0,1.0,1.0,1.0,1.0,,Optimal,Optimal,0.10868908208794892,0.10868908208794892,same_candidate_due_to_structure_dominance
single_item_multi_period_shortage_0008,single_item_multi_period_shortage,Qwen3-8B_k0,0,Qwen3-8B_k0,0,True,1.0,1.0,810.0,810.0,0.8611111111111112,0.8611111111111112,1.0,,0.625,0.625,5,5,1.0,1.0,1.0,1.0,1.0,1.0,1.0,,Optimal,Optimal,0.1067461899947375,0.1067461899947375,same_candidate_due_to_structure_dominance
single_item_multi_period_shortage_0009,single_item_multi_period_shortage,Qwen3-8B_k4,4,Qwen3-8B_k1,1,False,0.0,1.0,442.0,402.0,0.8611111111111112,0.8611111111111112,1.0,,0.5714285714285714,0.2857142857142857,4,2,1.0,1.0,1.0,1.0,1.0,1.0,1.0,,Optimal,Optimal,0.10923445702064782,0.11393929994665086,full_selected_wrong_objective
single_item_multi_period_shortage_0010,single_item_multi_period_shortage,Qwen3-8B_k0,0,Qwen3-8B_k0,0,True,1.0,1.0,164.0,164.0,0.8611111111111112,0.8611111111111112,1.0,,1.0,1.0,8,8,1.0,1.0,1.0,1.0,1.0,1.0,1.0,,Optimal,Optimal,0.1657690228894353,0.1657690228894353,same_candidate_due_to_structure_dominance
single_item_multi_period_shortage_0011,single_item_multi_period_shortage,Qwen3-8B_k1,1,Qwen3-8B_k1,1,True,1.0,1.0,228.0,228.0,0.8611111111111112,0.8611111111111112,1.0,,0.8571428571428571,0.8571428571428571,6,6,1.0,1.0,1.0,1.0,1.0,1.0,1.0,,Optimal,Optimal,0.10698442708235234,0.10698442708235234,same_candidate_due_to_structure_dominance
single_item_multi_period_shortage_0012,single_item_multi_period_shortage,Qwen3-8B_k0,0,Qwen3-8B_k0,0,True,1.0,1.0,1015.0,1015.0,0.8444444444444444,0.8444444444444444,1.0,,0.75,0.75,6,6,1.0,1.0,1.0,1.0,1.0,1.0,1.0,,Optimal,Optimal,0.10679443005938083,0.10679443005938083,same_candidate_due_to_structure_dominance
single_item_multi_period_shortage_0013,single_item_multi_period_shortage,Qwen3-8B_k3,3,Qwen3-8B_k3,3,True,1.0,1.0,905.0,905.0,0.8611111111111112,0.8611111111111112,1.0,,1.0,1.0,6,6,1.0,1.0,1.0,1.0,1.0,1.0,1.0,,Optimal,Optimal,0.11677232396323234,0.11677232396323234,same_candidate_due_to_structure_dominance
single_item_multi_period_shortage_0014,single_item_multi_period_shortage,Qwen3-8B_k1,1,Qwen3-8B_k1,1,True,1.0,1.0,648.0,648.0,0.8611111111111112,0.8611111111111112,1.0,,0.75,0.75,6,6,1.0,1.0,1.0,1.0,1.0,1.0,1.0,,Optimal,Optimal,0.10803033295087516,0.10803033295087516,same_candidate_due_to_structure_dominance
single_item_multi_period_shortage_0015,single_item_multi_period_shortage,Qwen3-8B_k0,0,Qwen3-8B_k0,0,True,1.0,1.0,142.0,142.0,0.8611111111111112,0.8611111111111112,1.0,,0.875,0.875,7,7,1.0,1.0,1.0,1.0,1.0,1.0,1.0,,Optimal,Optimal,0.10115974908694625,0.10115974908694625,same_candidate_due_to_structure_dominance
single_item_multi_period_shortage_0016,single_item_multi_period_shortage,Qwen3-8B_k1,1,Qwen3-8B_k1,1,True,1.0,1.0,805.0,805.0,0.8611111111111112,0.8611111111111112,1.0,,0.875,0.875,7,7,1.0,1.0,1.0,1.0,1.0,1.0,1.0,,Optimal,Optimal,0.10698528902139515,0.10698528902139515,same_candidate_due_to_structure_dominance
single_item_multi_period_shortage_0017,single_item_multi_period_shortage,Qwen3-8B_k0,0,Qwen3-8B_k0,0,True,1.0,1.0,570.0,570.0,0.8611111111111112,0.8611111111111112,1.0,,0.75,0.75,6,6,1.0,1.0,1.0,1.0,1.0,1.0,1.0,,Optimal,Optimal,0.13902158092241734,0.13902158092241734,same_candidate_due_to_structure_dominance
single_item_multi_period_shortage_0018,single_item_multi_period_shortage,Qwen3-8B_k1,1,Qwen3-8B_k1,1,True,1.0,1.0,119.0,119.0,0.8611111111111112,0.8611111111111112,1.0,,1.0,1.0,7,7,1.0,1.0,1.0,1.0,1.0,1.0,1.0,,Optimal,Optimal,0.11247798299882561,0.11247798299882561,same_candidate_due_to_structure_dominance
single_item_multi_period_shortage_0019,single_item_multi_period_shortage,Qwen3-8B_k3,3,Qwen3-8B_k3,3,True,1.0,1.0,1045.0,1045.0,0.8611111111111112,0.8611111111111112,1.0,,0.5,0.5,4,4,1.0,1.0,1.0,1.0,1.0,1.0,1.0,,Optimal,Optimal,0.1087008030153811,0.1087008030153811,same_candidate_due_to_structure_dominance
single_period_newsvendor_0000,single_period_newsvendor,Qwen3-8B_k0,0,Qwen3-8B_k0,0,True,1.0,1.0,111.0,111.0,0.8611111111111112,0.8611111111111112,1.0,,1.0,1.0,8,8,0.6666666666666666,0.6666666666666666,0.6666666666666666,0.6666666666666666,1.0,1.0,1.0,,Optimal,Optimal,0.09492168598808348,0.09492168598808348,same_candidate_due_to_structure_dominance
single_period_newsvendor_0001,single_period_newsvendor,Qwen3-8B_k0,0,Qwen3-8B_k0,0,True,1.0,1.0,122.0,122.0,0.8611111111111112,0.8611111111111112,1.0,,1.0,1.0,8,8,0.6666666666666666,0.6666666666666666,0.6666666666666666,0.6666666666666666,1.0,1.0,1.0,,Optimal,Optimal,0.09812482597772032,0.09812482597772032,same_candidate_due_to_structure_dominance
single_period_newsvendor_0002,single_period_newsvendor,Qwen3-8B_k0,0,Qwen3-8B_k0,0,True,1.0,1.0,580.0,580.0,0.8611111111111112,0.8611111111111112,1.0,,0.5,0.5,3,3,0.6666666666666666,0.6666666666666666,0.6666666666666666,0.6666666666666666,1.0,1.0,1.0,,Optimal,Optimal,0.1022674118867144,0.1022674118867144,same_candidate_due_to_structure_dominance
single_period_newsvendor_0003,single_period_newsvendor,Qwen3-8B_k0,0,Qwen3-8B_k0,0,True,0.0,0.0,420.0,420.0,0.5555555555555556,0.5555555555555556,0.6666666666666666,,0.0,0.0,0,0,0.3333333333333333,0.3333333333333333,0.3333333333333333,0.3333333333333333,1.0,1.0,1.0,,Unbounded,Unbounded,0.0965956220170483,0.0965956220170483,same_candidate_due_to_structure_dominance
single_period_newsvendor_0004,single_period_newsvendor,Qwen3-8B_k3,3,Qwen3-8B_k3,3,True,1.0,1.0,114.0,114.0,0.6000000000000001,0.6000000000000001,0.6666666666666666,,1.0,1.0,1,1,0.3333333333333333,0.3333333333333333,0.3333333333333333,0.3333333333333333,1.0,1.0,1.0,,Optimal,Optimal,0.09325828903820366,0.09325828903820366,same_candidate_due_to_structure_dominance
single_period_newsvendor_0005,single_period_newsvendor,Qwen3-8B_k0,0,Qwen3-8B_k0,0,True,0.0,0.0,220.0,220.0,0.5555555555555556,0.5555555555555556,0.6666666666666666,,1.0,1.0,3,3,0.0,0.0,0.0,0.0,1.0,1.0,1.0,,Optimal,Optimal,0.09560967900324613,0.09560967900324613,same_candidate_due_to_structure_dominance
single_period_newsvendor_0006,single_period_newsvendor,Qwen3-8B_k0,0,Qwen3-8B_k0,0,True,1.0,1.0,435.0,435.0,0.8611111111111112,0.8611111111111112,1.0,,1.0,1.0,7,7,0.6666666666666666,0.6666666666666666,0.6666666666666666,0.6666666666666666,1.0,1.0,1.0,,Optimal,Optimal,0.09947202797047794,0.09947202797047794,same_candidate_due_to_structure_dominance
single_period_newsvendor_0007,single_period_newsvendor,Qwen3-8B_k0,0,Qwen3-8B_k0,0,True,1.0,1.0,200.0,200.0,0.8611111111111112,0.8611111111111112,1.0,,1.0,1.0,8,8,0.6666666666666666,0.6666666666666666,0.6666666666666666,0.6666666666666666,1.0,1.0,1.0,,Optimal,Optimal,0.10282213496975601,0.10282213496975601,same_candidate_due_to_structure_dominance
single_period_newsvendor_0008,single_period_newsvendor,Qwen3-8B_k2,2,Qwen3-8B_k2,2,True,1.0,1.0,98.0,98.0,0.8611111111111112,0.8611111111111112,1.0,,1.0,1.0,8,8,0.6666666666666666,0.6666666666666666,0.6666666666666666,0.6666666666666666,1.0,1.0,1.0,,Optimal,Optimal,0.09831898100674152,0.09831898100674152,same_candidate_due_to_structure_dominance
single_period_newsvendor_0009,single_period_newsvendor,Qwen3-8B_k0,0,Qwen3-8B_k0,0,True,1.0,1.0,164.0,164.0,0.8611111111111112,0.8611111111111112,1.0,,1.0,1.0,8,8,0.6666666666666666,0.6666666666666666,0.6666666666666666,0.6666666666666666,1.0,1.0,1.0,,Optimal,Optimal,0.08797293598763645,0.08797293598763645,same_candidate_due_to_structure_dominance
single_period_newsvendor_0010,single_period_newsvendor,Qwen3-8B_k0,0,Qwen3-8B_k0,0,True,1.0,1.0,370.0,370.0,0.8611111111111112,0.8611111111111112,1.0,,1.0,1.0,7,7,0.6666666666666666,0.6666666666666666,0.6666666666666666,0.6666666666666666,1.0,1.0,1.0,,Optimal,Optimal,0.10215974994935095,0.10215974994935095,same_candidate_due_to_structure_dominance
single_period_newsvendor_0011,single_period_newsvendor,Qwen3-8B_k0,0,Qwen3-8B_k0,0,True,1.0,1.0,440.0,440.0,0.8611111111111112,0.8611111111111112,1.0,,1.0,1.0,8,8,0.6666666666666666,0.6666666666666666,0.6666666666666666,0.6666666666666666,1.0,1.0,1.0,,Optimal,Optimal,0.09708447998855263,0.09708447998855263,same_candidate_due_to_structure_dominance
single_period_newsvendor_0012,single_period_newsvendor,Qwen3-8B_k0,0,Qwen3-8B_k0,0,True,0.0,0.0,,,0.0,0.0,0.0,,0.0,0.0,0,0,1.0,1.0,,,1.0,1.0,1.0,,Error,Error,0.06262711808085442,0.06262711808085442,same_candidate_due_to_structure_dominance
single_period_newsvendor_0013,single_period_newsvendor,Qwen3-8B_k0,0,Qwen3-8B_k0,0,True,0.0,0.0,,,0.0,0.0,0.0,,0.0,0.0,0,0,1.0,1.0,,,1.0,1.0,1.0,,Error,Error,0.07046027004253119,0.07046027004253119,same_candidate_due_to_structure_dominance
single_period_newsvendor_0014,single_period_newsvendor,Qwen3-8B_k0,0,Qwen3-8B_k0,0,True,1.0,1.0,70.0,70.0,0.8611111111111112,0.8611111111111112,1.0,,1.0,1.0,8,8,0.6666666666666666,0.6666666666666666,0.6666666666666666,0.6666666666666666,1.0,1.0,1.0,,Optimal,Optimal,0.10234547895379364,0.10234547895379364,same_candidate_due_to_structure_dominance
single_period_newsvendor_0015,single_period_newsvendor,Qwen3-8B_k0,0,Qwen3-8B_k0,0,True,0.0,0.0,,,0.0,0.0,0.0,,0.0,0.0,0,0,1.0,1.0,,,1.0,1.0,1.0,,Error,Error,0.07247160002589226,0.07247160002589226,same_candidate_due_to_structure_dominance
single_period_newsvendor_0016,single_period_newsvendor,Qwen3-8B_k3,3,Qwen3-8B_k3,3,True,1.0,1.0,264.0,264.0,0.8611111111111112,0.8611111111111112,1.0,,0.375,0.375,3,3,0.3333333333333333,0.3333333333333333,0.6666666666666666,0.6666666666666666,1.0,1.0,1.0,,Optimal,Optimal,0.09048154100310057,0.09048154100310057,same_candidate_due_to_structure_dominance
single_period_newsvendor_0017,single_period_newsvendor,Qwen3-8B_k3,3,Qwen3-8B_k3,3,True,0.0,0.0,900.0,900.0,0.5555555555555556,0.5555555555555556,0.6666666666666666,,0.0,0.0,0,0,0.3333333333333333,0.3333333333333333,0.3333333333333333,0.3333333333333333,1.0,1.0,1.0,,Unbounded,Unbounded,0.09261499100830406,0.09261499100830406,same_candidate_due_to_structure_dominance
single_period_newsvendor_0018,single_period_newsvendor,Qwen3-8B_k3,3,Qwen3-8B_k3,3,True,1.0,1.0,112.0,112.0,0.8611111111111112,0.8611111111111112,1.0,,0.875,0.875,7,7,0.3333333333333333,0.3333333333333333,0.6666666666666666,0.6666666666666666,1.0,1.0,1.0,,Optimal,Optimal,0.10000554099678993,0.10000554099678993,same_candidate_due_to_structure_dominance
single_period_newsvendor_0019,single_period_newsvendor,Qwen3-8B_k0,0,Qwen3-8B_k0,0,True,1.0,1.0,122.0,122.0,0.8611111111111112,0.8611111111111112,1.0,,1.0,1.0,7,7,0.6666666666666666,0.6666666666666666,0.6666666666666666,0.6666666666666666,1.0,1.0,1.0,,Optimal,Optimal,0.09242369106505066,0.09242369106505066,same_candidate_due_to_structure_dominance
